valor_fob_usd,cambio,valor_brl,ii_valor,ipi_valor,icms_devido,total_tributos,aliquota_icms,carga_efetiva,ict
574862,5.13,2949042.06,1769425.24,472967.37,1142043.15,3395642.1199999996,0.18,1.1514,4.86
838458,4.54,3806599.32,2283959.59,610502.4,1575246.93,4484174.0,0.19,1.178,2.2
328078,4.62,1515720.36,909432.22,243091.23,627235.4,1785518.59,0.19,1.178,2.2
28680,5.03,144260.4,86556.24,23136.48,59697.84,169938.75,0.19,1.178,2.2
164450,5.06,832117.0,499270.2,133454.92,322244.82,958131.98,0.18,1.1514,4.86
973880,5.3,5161564.0,3096938.4,827811.63,2135958.41,6080322.38,0.19,1.178,2.2
241666,4.64,1121330.24,672798.14,179838.94,464028.88,1320927.01,0.19,1.178,2.2
124056,4.88,605393.28,363235.97,97092.97,267005.68,729635.1099999999,0.2,1.2052,0.52
208474,5.3,1104912.2,662947.32,177205.82,399246.85,1243598.6599999997,0.17,1.1255,7.45
867769,5.17,4486365.73,2691819.44,719523.34,1737385.62,5165776.590000001,0.18,1.1514,4.86
277982,6.07,1687350.74,1012410.44,270617.31,609704.06,1899143.74,0.17,1.1255,7.45
973159,5.46,5313448.14,3188068.88,852170.81,2343469.73,6403900.52,0.2,1.2052,0.52
391534,4.68,1832379.12,1099427.47,293876.96,709605.35,2109872.82,0.18,1.1514,4.86
967076,6.48,6266652.48,3759991.49,1005045.73,2426817.73,7215668.230000001,0.18,1.1514,4.86
140132,5.94,832384.08,499430.45,133497.76,300772.06,936863.3300000001,0.17,1.1255,7.45
416392,5.76,2398417.92,1439050.75,384658.27,928808.98,2761631.99,0.18,1.1514,4.86
544466,5.12,2787665.92,1672599.55,447085.86,1007289.83,3137568.37,0.17,1.1255,7.45
139290,5.05,703414.5,422048.7,112813.62,310237.45,847772.75,0.2,1.2052,0.52
677798,6.34,4297239.32,2578343.59,689191.24,1778283.57,5062147.91,0.19,1.178,2.2
582871,4.53,2640405.63,1584243.38,423468.26,1164537.7,3182282.88,0.2,1.2052,0.52
95207,5.83,555056.81,333034.09,89020.01,229693.61,653856.9299999999,0.19,1.178,2.2
432250,4.67,2018607.5,1211164.5,323744.27,890296.74,2432876.2199999997,0.2,1.2052,0.52
327796,5.14,1684871.44,1010922.86,270219.68,697233.5,1984778.55,0.19,1.178,2.2
805480,5.86,4720112.8,2832067.68,757011.69,2081782.15,5688797.949999999,0.2,1.2052,0.52
758160,4.6,3487536.0,2092521.6,559331.02,1350579.79,4015685.0500000003,0.18,1.1514,4.86
296183,6.47,1916304.01,1149782.41,307336.84,692433.6,2156834.81,0.17,1.1255,7.45
693941,5.09,3532159.69,2119295.81,566487.77,1276303.77,3975509.56,0.17,1.1255,7.45
704629,5.49,3868413.21,2321047.93,620416.11,1498077.93,4454241.9399999995,0.18,1.1514,4.86
489933,5.55,2719128.15,1631476.89,436093.77,1053006.91,3130910.26,0.18,1.1514,4.86
934928,5.76,5385185.28,3231111.17,863676.01,1945872.47,6061123.35,0.17,1.1255,7.45
180951,5.86,1060372.86,636223.72,170062.6,438803.5,1249119.2399999998,0.19,1.178,2.2
391919,5.01,1963514.19,1178108.51,314908.41,865998.12,2366476.39,0.2,1.2052,0.52
428952,5.39,2312051.28,1387230.77,370806.78,956773.06,2723596.4000000004,0.19,1.178,2.2
372865,5.79,2158888.35,1295333.01,346242.51,836049.0,2485828.3,0.18,1.1514,4.86
312553,5.28,1650279.84,990167.9,264671.88,596308.93,1857419.77,0.17,1.1255,7.45
277775,6.37,1769426.75,1061656.05,283780.66,780396.82,2132557.3499999996,0.2,1.2052,0.52
854904,6.01,5137973.04,3082783.82,824028.12,2266077.32,6192413.56,0.2,1.2052,0.52
791861,5.05,3998898.05,2399338.83,641343.27,1548609.36,4604487.27,0.18,1.1514,4.86
734881,5.06,3718497.86,2231098.72,596372.69,1538788.79,4380390.49,0.19,1.178,2.2
273319,5.28,1443124.32,865874.59,231448.28,636482.77,1739289.51,0.2,1.2052,0.52
99477,4.86,483458.22,290074.93,77537.03,200064.68,569513.7799999999,0.19,1.178,2.2
77270,4.53,350033.1,210019.86,56138.31,144850.7,412339.0,0.19,1.178,2.2
58752,5.02,294935.04,176961.02,47301.68,130079.62,355463.06999999995,0.2,1.2052,0.52
136246,5.7,776602.2,465961.32,124551.46,342516.52,935980.39,0.2,1.2052,0.52
136014,5.22,709993.08,425995.85,113868.69,274951.23,817513.74,0.18,1.1514,4.86
785432,4.91,3856471.12,2313882.67,618500.84,1700877.3,4647915.399999999,0.2,1.2052,0.52
562994,5.4,3040167.6,1824100.56,487582.08,1258082.16,3581317.44,0.19,1.178,2.2
82139,6.36,522404.04,313442.42,83783.16,230403.69,629614.41,0.2,1.2052,0.52
268462,4.76,1277879.12,766727.47,204946.25,563602.19,1540131.8499999999,0.2,1.2052,0.52
376705,4.76,1793115.8,1075869.48,287579.91,790844.76,2161107.9899999998,0.2,1.2052,0.52
150613,6.06,912714.78,547628.87,146381.2,402548.29,1100026.6800000002,0.2,1.2052,0.52
362935,4.74,1720311.9,1032187.14,275903.62,711899.47,2026527.42,0.19,1.178,2.2
918925,4.9,4502732.5,2701639.5,722148.24,1863320.76,5304218.88,0.19,1.178,2.2
111434,5.13,571656.42,342993.85,91682.26,206561.23,643409.63,0.17,1.1255,7.45
194147,6.37,1236716.39,742029.83,198344.57,545447.58,1490521.5,0.2,1.2052,0.52
467176,5.12,2391941.12,1435164.67,383619.52,926300.79,2754174.36,0.18,1.1514,4.86
532956,5.26,2803348.56,1682009.14,449601.04,1236402.86,3378665.7600000002,0.2,1.2052,0.52
475123,4.59,2180814.57,1308488.74,349759.04,902464.69,2568999.57,0.19,1.178,2.2
37304,4.53,168987.12,101392.27,27102.15,69930.25,199066.82,0.19,1.178,2.2
428332,4.74,2030293.68,1218176.21,325618.5,840176.13,2391685.96,0.19,1.178,2.2
923945,5.25,4850711.25,2910426.75,777957.07,1752746.65,5459563.17,0.17,1.1255,7.45
26880,6.3,169344.0,101606.4,27159.39,74688.33,204097.63,0.2,1.2052,0.52
399970,4.79,1915856.3,1149513.78,307265.03,692271.82,2156330.88,0.17,1.1255,7.45
597451,6.45,3853558.95,2312135.37,618033.78,1392437.56,4337250.23,0.17,1.1255,7.45
220451,5.21,1148549.71,689129.83,184204.4,444786.24,1322484.96,0.18,1.1514,4.86
482830,5.54,2674878.2,1604926.92,428996.97,966535.33,3010623.76,0.17,1.1255,7.45
531217,5.74,3049185.58,1829511.35,489028.38,1261813.98,3591940.62,0.19,1.178,2.2
571841,5.28,3019320.48,1811592.29,484238.62,1249455.2,3556759.5300000003,0.19,1.178,2.2
145372,4.56,662896.32,397737.79,106315.31,274319.76,780891.87,0.19,1.178,2.2
585275,5.48,3207307.0,1924384.2,514387.9,1158922.13,3609882.0,0.17,1.1255,7.45
371655,5.79,2151882.45,1291129.47,345118.91,890492.0,2534917.53,0.19,1.178,2.2
26263,6.31,165719.53,99431.72,26578.1,73089.77,199729.32000000004,0.2,1.2052,0.52
830794,5.73,4760449.62,2856269.77,763480.91,1720131.69,5357972.08,0.17,1.1255,7.45
696491,5.82,4053577.62,2432146.57,650112.78,1787810.14,4885473.079999999,0.2,1.2052,0.52
86448,5.49,474599.52,284759.71,76116.27,183792.95,546472.41,0.18,1.1514,4.86
526718,6.48,3413132.64,2047879.58,547398.21,1505345.08,4113592.77,0.2,1.2052,0.52
18561,6.13,113778.93,68267.36,18247.86,44061.92,131009.5,0.18,1.1514,4.86
480115,4.98,2390972.7,1434583.62,383464.2,863949.47,2691082.99,0.17,1.1255,7.45
830223,5.81,4823595.63,2894157.38,773608.27,2127422.73,5813518.04,0.2,1.2052,0.52
748057,4.7,3515867.9,2109520.74,563874.89,1454936.45,4141692.38,0.19,1.178,2.2
485822,5.14,2497125.08,1498275.05,400488.92,1101344.53,3009597.58,0.2,1.2052,0.52
371132,6.19,2297307.08,1378384.25,368442.11,950671.62,2706227.75,0.19,1.178,2.2
186958,5.54,1035747.32,621448.39,166113.16,401102.5,1192599.8900000001,0.18,1.1514,4.86
163490,4.52,738974.8,443384.88,118516.78,286174.66,850884.42,0.18,1.1514,4.86
367979,6.15,2263070.85,1357842.51,362951.3,876394.61,2605788.09,0.18,1.1514,4.86
355506,6.2,2204137.2,1322482.32,353499.52,796438.69,2480796.2500000005,0.17,1.1255,7.45
365263,4.51,1647336.13,988401.68,264199.77,681700.64,1940561.9700000002,0.19,1.178,2.2
494029,4.7,2321936.3,1393161.78,372392.14,960863.68,2735240.96,0.19,1.178,2.2
536701,4.66,2501026.66,1500616.0,401114.66,968545.15,2879779.71,0.18,1.1514,4.86
69297,6.44,446272.68,267763.61,71573.21,161255.31,502287.97000000003,0.17,1.1255,7.45
320209,5.9,1889233.1,1133539.86,302995.21,781802.44,2225516.5999999996,0.19,1.178,2.2
959272,5.07,4863509.04,2918105.42,780009.58,1883437.76,5600034.09,0.18,1.1514,4.86
465505,6.46,3007162.3,1804297.38,482288.69,1326293.9,3624307.19,0.2,1.2052,0.52
46538,5.32,247582.16,148549.3,39707.23,109194.87,298392.21,0.2,1.2052,0.52
858129,6.29,5397631.41,3238578.85,865672.13,1950369.73,6075131.71,0.17,1.1255,7.45
797723,5.65,4507134.95,2704280.97,722854.3,1987849.33,5432111.710000001,0.2,1.2052,0.52
706424,5.39,3807625.36,2284575.22,610666.96,1679334.13,4589045.290000001,0.2,1.2052,0.52
405868,5.01,2033398.68,1220039.21,326116.48,787451.99,2341334.59,0.18,1.1514,4.86
75404,5.38,405673.52,243404.11,65061.92,167875.82,477883.41,0.19,1.178,2.2
485626,5.53,2685511.78,1611307.07,430702.38,1039988.67,3092203.06,0.18,1.1514,4.86
315791,4.68,1477901.88,886741.13,237025.9,534022.22,1663405.28,0.17,1.1255,7.45
43905,5.03,220842.15,132505.29,35418.66,91388.9,260152.05000000002,0.19,1.178,2.2
888945,5.66,5031428.7,3018857.22,806940.54,1818046.75,5662963.9399999995,0.17,1.1255,7.45
301259,6.31,1900944.29,1140566.57,304873.45,686883.55,2139547.16,0.17,1.1255,7.45
299499,5.1,1527444.9,916466.94,244971.61,673671.93,1840914.77,0.2,1.2052,0.52
873999,4.66,4072835.34,2443701.2,653201.33,1577242.24,4689621.54,0.18,1.1514,4.86
585108,5.31,3106923.48,1864154.09,498288.39,1285707.08,3659955.87,0.19,1.178,2.2
929056,4.89,4543083.84,2725850.3,728619.79,1759350.22,5231084.029999999,0.18,1.1514,4.86
455475,5.61,2555214.75,1533128.85,409805.34,923296.37,2875940.38,0.17,1.1255,7.45
250986,4.88,1224811.68,734887.01,196435.3,540197.07,1476173.66,0.2,1.2052,0.52
189000,5.27,996030.0,597618.0,159743.29,412177.13,1173323.3299999998,0.19,1.178,2.2
392577,5.8,2276946.6,1366167.96,365176.7,1004235.92,2744232.98,0.2,1.2052,0.52
713339,4.53,3231425.67,1938855.4,518256.05,1251398.75,3720789.6199999996,0.18,1.1514,4.86
643494,5.65,3635741.1,2181444.66,583100.16,1407973.55,4186334.19,0.18,1.1514,4.86
328975,6.34,2085701.5,1251420.9,334504.81,807706.73,2401558.11,0.18,1.1514,4.86
314988,5.48,1726134.24,1035680.54,276837.41,761302.88,2080380.1400000001,0.2,1.2052,0.52
36011,4.55,163850.05,98310.03,26278.27,59205.26,184416.19,0.17,1.1255,7.45
940514,4.96,4664949.44,2798969.66,748164.59,2057452.62,5622313.68,0.2,1.2052,0.52
363671,5.32,1934729.72,1160837.83,310291.95,800629.85,2279111.6,0.19,1.178,2.2
927589,5.2,4823462.8,2894077.68,773586.96,1996045.38,5682039.18,0.19,1.178,2.2
922158,5.69,5247079.02,3148247.41,841526.53,2314197.96,6323910.800000001,0.2,1.2052,0.52
548521,5.76,3159480.96,1895688.58,506717.56,1223537.52,3637949.69,0.18,1.1514,4.86
868743,5.26,4569588.18,2741752.91,732870.55,1890986.98,5382974.88,0.19,1.178,2.2
508743,4.93,2508102.99,1504861.79,402249.56,1106186.28,3022828.42,0.2,1.2052,0.52
500099,6.26,3130619.74,1878371.84,502088.79,1212360.75,3604717.7399999998,0.18,1.1514,4.86
401624,4.65,1867551.6,1120530.96,299517.93,772830.21,2199975.8,0.19,1.178,2.2
329675,5.45,1796728.75,1078037.25,288159.36,792438.23,2165462.4099999997,0.2,1.2052,0.52
110885,5.19,575493.15,345295.89,92297.59,222864.91,662645.26,0.18,1.1514,4.86
197011,4.84,953533.24,572119.94,152927.66,369264.35,1097935.38,0.18,1.1514,4.86
292402,5.52,1614059.04,968435.42,258862.79,583220.98,1816652.6099999999,0.17,1.1255,7.45
347658,5.67,1971220.86,1182732.52,316144.4,712277.15,2218644.71,0.17,1.1255,7.45
391236,5.53,2163535.08,1298121.05,346987.76,895314.09,2548644.33,0.19,1.178,2.2
856514,5.52,4727957.28,2836774.37,758269.79,1708390.97,5321401.37,0.17,1.1255,7.45
561778,4.95,2780801.1,1668480.66,445984.88,1150751.11,3275783.6900000004,0.19,1.178,2.2
505856,4.73,2392698.88,1435619.33,383741.05,990146.65,2818599.29,0.19,1.178,2.2
84484,6.35,536473.4,321884.04,86039.6,207754.16,617716.4,0.18,1.1514,4.86
417815,5.16,2155925.4,1293555.24,345767.32,779017.93,2426533.0100000002,0.17,1.1255,7.45
464930,4.99,2320000.7,1392000.42,372081.71,898441.21,2671339.34,0.18,1.1514,4.86
34062,5.32,181209.84,108725.9,29062.43,65478.01,203954.94,0.17,1.1255,7.45
557045,5.75,3203008.75,1921805.25,513698.54,1157369.01,3605044.23,0.17,1.1255,7.45
734333,4.97,3649635.01,2189781.01,585328.46,1413354.09,4202332.17,0.18,1.1514,4.86
482405,6.26,3019855.3,1811913.18,484324.39,1331892.08,3639605.1,0.2,1.2052,0.52
966150,5.79,5594008.5,3356405.1,897167.08,2166330.27,6441159.68,0.18,1.1514,4.86
878577,6.0,5271462.0,3162877.2,845437.08,2041421.23,6069767.069999999,0.18,1.1514,4.86
77655,6.4,496992.0,298195.2,79707.58,179582.13,559373.48,0.17,1.1255,7.45
420350,6.41,2694443.5,1616666.1,432134.85,973605.02,3032644.8600000003,0.17,1.1255,7.45
268392,5.75,1543254.0,925952.4,247507.08,680644.46,1859968.31,0.2,1.2052,0.52
229342,5.15,1181111.3,708666.78,189426.63,457396.01,1359977.64,0.18,1.1514,4.86
605619,5.93,3591320.67,2154792.4,575976.01,1390771.34,4135186.77,0.18,1.1514,4.86
712335,5.85,4167159.75,2500295.85,668329.08,1724454.05,4908914.19,0.19,1.178,2.2
712515,4.63,3298944.45,1979366.67,529084.71,1277546.01,3798533.38,0.18,1.1514,4.86
324795,5.27,1711669.65,1027001.79,274517.58,708323.13,2016346.84,0.19,1.178,2.2
558660,5.78,3229054.8,1937432.88,517875.81,1250480.61,3718059.71,0.18,1.1514,4.86
820523,5.0,4102615.0,2461569.0,657977.39,1809437.83,4944574.160000001,0.2,1.2052,0.52
14175,6.39,90578.25,54346.95,14526.94,39949.09,109167.18,0.2,1.2052,0.52
767414,6.0,4604484.0,2762690.4,738467.14,2030784.65,5549439.2299999995,0.2,1.2052,0.52
502805,5.29,2659838.45,1595903.07,426584.89,961100.9,2993696.25,0.17,1.1255,7.45
231443,5.03,1164158.29,698494.97,186707.71,450830.8,1340457.28,0.18,1.1514,4.86
960185,6.44,6183591.4,3710154.84,991724.39,2558893.79,7284270.67,0.19,1.178,2.2
881411,5.69,5015228.59,3009137.15,804342.36,2075401.89,5907939.27,0.19,1.178,2.2
422100,6.31,2663451.0,1598070.6,427164.27,962406.25,2997762.23,0.17,1.1255,7.45
545663,4.8,2619182.4,1571509.44,420064.47,946410.32,2947937.12,0.17,1.1255,7.45
65051,5.33,346721.83,208033.1,55607.25,143480.43,408438.31999999995,0.19,1.178,2.2
797046,4.65,3706263.9,2223758.34,594410.6,1435284.14,4267536.88,0.18,1.1514,4.86
752046,4.98,3745189.08,2247113.45,600653.43,1450358.27,4312356.87,0.18,1.1514,4.86
643949,4.71,3032999.79,1819799.87,486432.51,1174556.54,3492314.32,0.18,1.1514,4.86
896315,4.52,4051343.8,2430806.28,649754.52,1786824.93,4882780.84,0.2,1.2052,0.52
859330,5.09,4373989.7,2624393.82,701500.47,1810044.42,5152559.87,0.19,1.178,2.2
924307,5.36,4954285.52,2972571.31,794568.31,2050182.43,5836148.33,0.19,1.178,2.2
892893,5.11,4562683.23,2737609.94,731763.14,1648671.16,5135382.44,0.17,1.1255,7.45
220604,5.01,1105226.04,663135.62,177256.15,399360.25,1243951.8800000001,0.17,1.1255,7.45
183997,6.33,1164701.01,698820.61,186794.75,481976.57,1372017.79,0.19,1.178,2.2
114436,6.44,736967.84,442180.7,118194.9,304972.03,868148.11,0.19,1.178,2.2
78094,6.47,505268.18,303160.91,81034.91,182572.63,568688.47,0.17,1.1255,7.45
807976,4.77,3854045.52,2312427.31,618111.82,1699807.51,4644992.01,0.2,1.2052,0.52
235107,4.67,1097949.69,658769.81,176089.17,425190.92,1264222.11,0.18,1.1514,4.86
867256,4.68,4058758.08,2435254.85,650943.62,1790094.96,4891716.71,0.2,1.2052,0.52
161633,5.91,955251.03,573150.62,153203.16,421308.69,1151292.42,0.2,1.2052,0.52
960905,6.39,6140182.95,3684109.77,984762.54,2540930.51,7233135.5200000005,0.19,1.178,2.2
346596,5.69,1972131.24,1183278.74,316290.41,869798.62,2376861.87,0.2,1.2052,0.52
357061,5.9,2106659.9,1263995.94,337866.11,815823.06,2425690.42,0.18,1.1514,4.86
79279,5.0,396395.0,237837.0,63573.83,174828.03,477745.16,0.2,1.2052,0.52
929448,5.45,5065491.6,3039294.96,812403.54,1961657.33,5832604.7,0.18,1.1514,4.86
992738,5.43,5390567.34,3234340.4,864539.19,2377482.77,6496846.52,0.2,1.2052,0.52
325927,6.18,2014228.86,1208537.32,323042.03,888365.57,2427598.9899999998,0.2,1.2052,0.52
572013,5.55,3174672.15,1904803.29,509153.92,1147129.91,3573150.87,0.17,1.1255,7.45
192442,4.79,921797.18,553078.31,147837.83,333080.42,1037499.39,0.17,1.1255,7.45
433506,5.52,2392953.12,1435771.87,383781.82,864665.07,2693311.9800000004,0.17,1.1255,7.45
825574,5.66,4672748.84,2803649.3,749415.46,1809564.16,5380385.37,0.18,1.1514,4.86
310187,5.38,1668806.06,1001283.64,267643.12,736018.57,2011286.79,0.2,1.2052,0.52
219325,5.73,1256732.25,754039.35,201554.72,554275.48,1514645.13,0.2,1.2052,0.52
215443,4.81,1036280.83,621768.5,166198.72,374447.72,1166352.81,0.17,1.1255,7.45
341071,5.34,1821319.14,1092791.48,292103.16,803283.7,2195099.3499999996,0.2,1.2052,0.52
413489,5.78,2389966.42,1433979.85,383302.81,989015.9,2815380.43,0.19,1.178,2.2
372782,5.32,1983200.24,1189920.14,318065.65,820687.92,2336209.87,0.19,1.178,2.2
117707,4.66,548514.62,329108.77,87970.78,226986.32,646150.2300000001,0.19,1.178,2.2
620867,5.05,3135378.35,1881227.01,502851.98,1382842.95,3778836.3800000004,0.2,1.2052,0.52
918137,5.92,5435371.04,3261222.62,871724.81,2249265.24,6402867.08,0.19,1.178,2.2
298288,6.13,1828505.44,1097103.26,293255.7,660708.63,2058015.91,0.17,1.1255,7.45
537581,4.71,2532006.51,1519203.91,406083.2,1116728.81,3051637.54,0.2,1.2052,0.52
753640,6.41,4830832.4,2898499.44,774768.9,2130614.48,5822239.98,0.2,1.2052,0.52
36765,5.45,200369.25,120221.55,32135.22,82916.8,236034.97,0.19,1.178,2.2
928116,5.93,5503727.88,3302236.73,882687.88,2131368.29,6337207.07,0.18,1.1514,4.86
953326,4.94,4709430.44,2825658.26,755298.45,1701696.52,5300549.07,0.17,1.1255,7.45
107043,6.02,644398.86,386639.32,103348.69,266665.14,759101.87,0.19,1.178,2.2
525475,5.34,2806036.5,1683621.9,450032.13,1161194.02,3305510.9899999998,0.19,1.178,2.2
486492,5.58,2714625.36,1628775.22,435371.62,1051263.17,3125725.59,0.18,1.1514,4.86
464669,6.11,2839127.59,1703476.55,455339.28,1025884.89,3195489.4000000004,0.17,1.1255,7.45
678248,5.18,3513324.64,2107994.78,563467.01,1453884.0,4138696.42,0.19,1.178,2.2
13512,4.51,60939.12,36563.47,9773.42,25217.83,71786.29000000001,0.19,1.178,2.2
708168,6.49,4596010.32,2757606.19,737108.14,1901920.99,5414100.16,0.19,1.178,2.2
334519,5.75,1923484.25,1154090.55,308488.4,848343.11,2318231.3000000003,0.2,1.2052,0.52
643294,4.66,2997750.04,1798650.02,480779.15,1083201.22,3374021.84,0.17,1.1255,7.45
356221,5.7,2030459.7,1218275.82,325645.13,786313.84,2337950.54,0.18,1.1514,4.86
184520,6.26,1155095.2,693057.12,185254.17,509448.96,1392149.61,0.2,1.2052,0.52
685867,5.33,3655671.11,2193402.67,586296.53,1512789.82,4306380.57,0.19,1.178,2.2
286560,6.0,1719360.0,1031616.0,275750.96,665837.68,1979738.2100000002,0.18,1.1514,4.86
508155,5.3,2693221.5,1615932.9,431938.86,973163.46,3031269.46,0.17,1.1255,7.45
544573,4.56,2483252.88,1489951.73,398264.1,1095226.27,2992878.46,0.2,1.2052,0.52
540659,5.38,2908745.42,1745247.25,466504.59,1051040.46,3273845.53,0.17,1.1255,7.45
820065,6.35,5207412.75,3124447.65,835164.86,2016617.58,5996018.26,0.18,1.1514,4.86
778345,6.08,4732337.6,2839402.56,758972.3,1958335.94,5574693.680000001,0.19,1.178,2.2
388037,5.47,2122562.39,1273537.43,340416.56,936145.53,2558165.2600000002,0.2,1.2052,0.52
223329,6.01,1342207.29,805324.37,215263.21,591973.82,1617661.7899999998,0.2,1.2052,0.52
453277,5.57,2524752.89,1514851.73,404919.87,1044793.24,2974158.9,0.19,1.178,2.2
999076,5.15,5145241.4,3087144.84,825193.82,2269283.0,6201173.58,0.2,1.2052,0.52
382249,5.94,2270559.06,1362335.44,364152.26,1001418.72,2736534.54,0.2,1.2052,0.52
79542,4.59,365097.78,219058.67,58554.38,131923.73,410924.15,0.17,1.1255,7.45
17937,5.0,89685.0,53811.0,14383.68,39555.12,108090.59999999999,0.2,1.2052,0.52
501731,4.73,2373187.63,1423912.58,380611.83,919038.33,2732580.85,0.18,1.1514,4.86
53792,6.17,331896.64,199137.98,53229.58,146381.35,400010.12000000005,0.2,1.2052,0.52
446326,5.92,2642249.92,1585349.95,423764.04,1093415.86,3112570.4,0.19,1.178,2.2
801544,4.91,3935581.04,2361348.62,631188.49,1628622.15,4636114.47,0.19,1.178,2.2
12113,6.44,78007.72,46804.63,12510.88,28187.16,87799.09999999999,0.17,1.1255,7.45
105176,5.63,592140.88,355284.53,94967.56,213963.05,666465.28,0.17,1.1255,7.45
42542,5.37,228450.54,137070.32,36638.9,100756.97,275334.3,0.2,1.2052,0.52
942476,6.42,6050695.92,3630417.55,970410.61,2503898.98,7127719.78,0.19,1.178,2.2
666432,5.04,3358817.28,2015290.37,538687.12,1389945.77,3956686.77,0.19,1.178,2.2
193793,5.5,1065861.5,639516.9,170942.87,385136.34,1199646.3800000001,0.17,1.1255,7.45
117283,5.17,606353.11,363811.87,97246.91,234815.71,698178.63,0.18,1.1514,4.86
365838,5.9,2158444.2,1295066.52,346171.28,835877.0,2485316.8899999997,0.18,1.1514,4.86
392667,6.44,2528775.48,1517265.29,405565.01,1046457.87,2978897.52,0.19,1.178,2.2
867583,4.7,4077640.1,2446584.06,653971.92,1579102.93,4695153.94,0.18,1.1514,4.86
881677,5.47,4822773.19,2893663.91,773476.36,1995760.0,5681226.81,0.19,1.178,2.2
789318,4.77,3765046.86,2259028.12,603838.22,1558051.69,4435225.209999999,0.19,1.178,2.2
10184,5.89,59983.76,35990.26,9620.2,24822.48,70660.88,0.19,1.178,2.2
794013,6.09,4835539.17,2901323.5,775523.77,2001042.82,5696265.14,0.19,1.178,2.2
826138,5.55,4585065.9,2751039.54,735352.87,1775608.15,5279423.8100000005,0.18,1.1514,4.86
811483,6.14,4982505.62,2989503.37,799094.25,1929520.26,5737051.399999999,0.18,1.1514,4.86
393785,5.74,2260325.9,1356195.54,362511.07,816741.8,2544037.6500000004,0.17,1.1255,7.45
450332,5.91,2661462.12,1596877.27,426845.3,1030675.23,3064511.36,0.18,1.1514,4.86
921104,5.35,4927906.4,2956743.84,790337.63,2039266.23,5805073.739999999,0.19,1.178,2.2
410940,5.39,2214966.6,1328979.96,355236.34,976899.94,2669533.1100000003,0.2,1.2052,0.52
741932,5.97,4429334.04,2657600.42,710376.59,1953535.63,5338344.109999999,0.2,1.2052,0.52
701546,4.9,3437575.4,2062545.24,551318.34,1242126.87,3869053.24,0.17,1.1255,7.45
252459,6.28,1585442.52,951265.51,254273.27,656087.82,1867651.28,0.19,1.178,2.2
276895,5.03,1392781.85,835669.11,223374.35,539367.34,1603703.3699999999,0.18,1.1514,4.86
490324,6.49,3182202.76,1909321.66,510361.68,1316859.15,3748634.86,0.19,1.178,2.2
540832,5.67,3066517.44,1839910.46,491808.07,1187536.55,3530907.85,0.18,1.1514,4.86
615146,4.84,2977306.64,1786383.98,477500.44,1075814.24,3351012.43,0.17,1.1255,7.45
216899,4.97,1077988.03,646792.82,172887.72,446093.01,1269869.9,0.19,1.178,2.2
826986,5.56,4598042.16,2758825.3,737434.0,2027943.5,5541675.359999999,0.2,1.2052,0.52
279606,6.29,1758721.74,1055233.04,282063.79,727794.23,2071774.2,0.19,1.178,2.2
525851,5.75,3023643.25,1814185.95,484931.9,1251244.05,3561851.74,0.19,1.178,2.2
282209,5.83,1645278.47,987167.08,263869.76,725641.84,1982930.7399999998,0.2,1.2052,0.52
776171,4.53,3516054.63,2109632.78,563904.84,1455013.73,4141912.3599999994,0.19,1.178,2.2
940820,5.51,5183918.2,3110350.92,831396.8,2145209.03,6106655.64,0.19,1.178,2.2
650180,5.55,3608499.0,2165099.4,578731.07,1493269.06,4250811.829999999,0.19,1.178,2.2
666933,4.91,3274641.03,1964784.62,525186.93,1355111.95,3857527.14,0.19,1.178,2.2
289785,6.37,1845930.45,1107558.27,296050.33,667004.95,2077628.09,0.17,1.1255,7.45
329737,5.88,1938853.56,1163312.14,310953.33,802336.38,2283969.49,0.19,1.178,2.2
225590,5.45,1229465.5,737679.3,197181.68,508777.41,1448310.3599999999,0.19,1.178,2.2
897187,6.05,5427981.35,3256788.81,870539.65,1961336.32,6109291.11,0.17,1.1255,7.45
815084,5.43,4425906.12,2655543.67,709826.82,1831528.47,5213717.4,0.19,1.178,2.2
351950,5.69,2002595.5,1201557.3,321176.27,883234.73,2413578.1599999997,0.2,1.2052,0.52
732950,5.03,3686738.5,2212043.1,591279.12,1626017.58,4443349.410000001,0.2,1.2052,0.52
735270,6.15,4521910.5,2713146.3,725224.01,1751150.65,5206704.219999999,0.18,1.1514,4.86
585340,5.14,3008647.6,1805188.56,482526.9,1165125.93,3464274.2499999995,0.18,1.1514,4.86
283736,5.56,1577572.16,946543.3,253011.02,695780.31,1901329.4000000001,0.2,1.2052,0.52
738826,5.23,3864059.98,2318435.99,619717.94,1496392.1,4449229.46,0.18,1.1514,4.86
352515,5.47,1928257.05,1156954.23,309253.87,797951.33,2271486.81,0.19,1.178,2.2
392143,4.94,1937186.42,1162311.85,310685.96,801646.48,2282005.6,0.19,1.178,2.2
769249,5.89,4530876.61,2718525.97,726661.99,1637178.22,5099583.51,0.17,1.1255,7.45
823876,4.69,3863978.44,2318387.06,619704.86,1496360.52,4449135.56,0.18,1.1514,4.86
290452,6.15,1786279.8,1071767.88,286483.55,739198.31,2104237.6,0.19,1.178,2.2
936267,4.72,4419180.24,2651508.14,708748.13,1949057.35,5326106.5,0.2,1.2052,0.52
14088,5.77,81287.76,48772.66,13036.93,33638.5,95756.98,0.19,1.178,2.2
243077,6.28,1526523.56,915914.14,244823.85,631705.98,1798244.76,0.19,1.178,2.2
839384,5.07,4255676.88,2553406.13,682525.46,1648049.28,4900152.44,0.18,1.1514,4.86
722594,6.3,4552342.2,2731405.32,730104.64,1883850.25,5362659.11,0.19,1.178,2.2
161730,5.98,967145.4,580287.24,155110.78,400224.11,1139297.2799999998,0.19,1.178,2.2
201356,4.61,928251.16,556950.7,148872.92,384128.89,1093479.86,0.19,1.178,2.2
852230,5.25,4474207.5,2684524.5,717573.4,1616701.51,5035801.4,0.17,1.1255,7.45
409982,4.7,1926915.4,1156149.24,309038.69,797396.13,2269906.34,0.19,1.178,2.2
919399,6.22,5718661.78,3431197.07,917158.98,2214603.38,6584690.34,0.18,1.1514,4.86
479716,5.09,2441754.44,1465052.66,391608.58,1076923.59,2942863.5,0.2,1.2052,0.52
724402,6.41,4643416.82,2786050.09,744711.19,1677843.28,5226249.54,0.17,1.1255,7.45
800285,6.02,4817715.7,2890629.42,772665.24,2124829.42,5806431.4,0.2,1.2052,0.52
549988,6.39,3514423.32,2108653.99,563643.21,1269894.95,3955546.9600000004,0.17,1.1255,7.45
471305,6.02,2837256.1,1702353.66,455039.13,1098753.03,3266927.39,0.18,1.1514,4.86
371724,6.17,2293537.08,1376122.25,367837.48,1011553.06,2764228.23,0.2,1.2052,0.52
474004,5.84,2768183.36,1660910.02,443961.25,1000250.04,3115640.41,0.17,1.1255,7.45
406355,4.98,2023647.9,1214188.74,324552.65,837425.97,2383857.22,0.19,1.178,2.2
952619,4.7,4477309.3,2686385.58,718070.87,1733878.43,5155348.66,0.18,1.1514,4.86
975547,5.05,4926512.35,2955907.41,790114.05,1780136.48,5544878.6899999995,0.17,1.1255,7.45
149871,6.08,911215.68,546729.41,146140.77,352876.5,1049209.3,0.18,1.1514,4.86
746889,6.12,4570960.68,2742576.41,733090.67,1891554.95,5384591.680000001,0.19,1.178,2.2
798956,5.82,4649923.92,2789954.35,745754.8,2050825.69,5604204.55,0.2,1.2052,0.52
463564,4.79,2220471.56,1332282.94,356119.23,802340.91,2499180.87,0.17,1.1255,7.45
81717,6.28,513182.76,307909.66,82304.25,198734.65,590898.6499999999,0.18,1.1514,4.86
638585,4.58,2924719.3,1754831.58,469066.48,1132623.94,3367635.93,0.18,1.1514,4.86
373807,4.87,1820440.09,1092264.05,291962.18,657794.31,2048938.21,0.17,1.1255,7.45
544395,4.87,2651203.65,1590722.19,425200.04,1169300.11,3195296.9099999997,0.2,1.2052,0.52
658500,5.62,3700770.0,2220462.0,593529.49,1632206.1,4460260.52,0.2,1.2052,0.52
248001,4.89,1212724.89,727634.93,194496.82,438203.67,1364943.77,0.17,1.1255,7.45
957489,5.67,5428962.63,3257377.58,870697.03,1961690.89,6110395.56,0.17,1.1255,7.45
952596,5.01,4772505.96,2863503.58,765414.51,1724488.1,5371541.709999999,0.17,1.1255,7.45
826654,6.42,5307118.68,3184271.21,851155.69,1917664.03,5973257.9799999995,0.17,1.1255,7.45
333429,6.48,2160619.92,1296371.95,346520.22,836719.56,2487822.09,0.18,1.1514,4.86
68646,6.2,425605.2,255363.12,68258.56,164819.45,490058.43,0.18,1.1514,4.86
68587,4.91,336762.17,202057.3,54009.92,139358.92,396705.84,0.19,1.178,2.2
184771,4.58,846251.18,507750.71,135721.76,350195.66,996883.8799999999,0.19,1.178,2.2
136697,4.86,664347.42,398608.45,106548.04,293007.11,800688.12,0.2,1.2052,0.52
713039,5.31,3786237.09,2271742.25,607236.7,1368111.61,4261478.260000001,0.17,1.1255,7.45
941183,5.44,5120035.52,3072021.31,821151.3,2258166.07,6170794.81,0.2,1.2052,0.52
922749,5.59,5158166.91,3094900.15,827266.81,2274983.73,6216751.72,0.2,1.2052,0.52
472211,5.19,2450775.09,1470465.05,393055.31,1080902.1,2953735.41,0.2,1.2052,0.52
499696,5.8,2898236.8,1738942.08,464819.22,1122368.36,3337142.96,0.18,1.1514,4.86
972290,6.18,6008752.2,3605251.32,963683.68,2171190.94,6762959.199999999,0.17,1.1255,7.45
520305,4.51,2346575.55,1407945.33,376343.79,1034945.42,2828151.5300000003,0.2,1.2052,0.52
895063,5.28,4725932.64,2835559.58,757945.08,2084348.96,5695812.16,0.2,1.2052,0.52
773077,5.03,3888577.31,2333146.39,623650.03,1505886.66,4477459.67,0.18,1.1514,4.86
84246,5.77,486099.42,291659.65,77960.63,175646.23,547113.6900000001,0.17,1.1255,7.45
11146,5.73,63866.58,38319.95,10242.92,24732.91,73538.47,0.18,1.1514,4.86
581454,5.51,3203811.54,1922286.92,513827.29,1325801.29,3774089.98,0.19,1.178,2.2
55180,5.14,283625.2,170175.12,45487.81,102484.58,319225.29000000004,0.17,1.1255,7.45
766279,6.03,4620662.37,2772397.42,741061.83,1669621.23,5200639.0,0.17,1.1255,7.45
536715,4.73,2538661.95,1523197.17,407150.6,983119.75,2923114.44,0.18,1.1514,4.86
629873,5.06,3187157.38,1912294.43,511156.3,1318909.47,3754471.4000000004,0.19,1.178,2.2
978838,4.53,4434136.14,2660481.68,711146.75,1602222.2,4990700.35,0.17,1.1255,7.45
484413,4.99,2417220.87,1450332.52,387673.88,936090.59,2783282.4299999997,0.18,1.1514,4.86
921532,6.07,5593699.24,3356219.54,897117.48,2467073.08,6741666.159999999,0.2,1.2052,0.52
560464,5.22,2925622.08,1755373.25,469211.27,1132973.55,3368675.43,0.18,1.1514,4.86
264303,5.47,1445737.41,867442.45,231867.37,637635.26,1742438.88,0.2,1.2052,0.52
854869,5.91,5052275.79,3031365.47,810283.99,2228280.98,6089129.09,0.2,1.2052,0.52
237509,6.26,1486806.34,892083.8,238454.0,575779.17,1711966.8300000003,0.18,1.1514,4.86
559435,6.02,3367798.7,2020679.22,540127.56,1304210.44,3877814.8600000003,0.18,1.1514,4.86
427878,5.78,2473134.84,1483880.9,396641.36,1090763.75,2980683.92,0.2,1.2052,0.52
346238,6.49,2247084.62,1348250.77,360387.43,929888.56,2647065.6799999997,0.19,1.178,2.2
716905,5.36,3842610.8,2305566.48,616277.92,1388481.58,4324927.9,0.17,1.1255,7.45
500911,5.75,2880238.25,1728142.95,461932.61,1191900.19,3392920.66,0.19,1.178,2.2
464064,5.71,2649805.44,1589883.26,424975.8,1096542.49,3121470.8099999996,0.19,1.178,2.2
463257,5.02,2325550.14,1395330.08,372971.73,840309.8,2617448.7,0.17,1.1255,7.45
618360,6.46,3994605.6,2396763.36,640654.85,1653047.69,4705645.4,0.19,1.178,2.2
19930,5.27,105031.1,63018.66,16844.89,43463.97,123726.64,0.19,1.178,2.2
544211,5.13,2791802.43,1675081.46,447749.27,1081150.69,3214590.27,0.18,1.1514,4.86
190466,5.69,1083751.54,650250.92,173812.07,391600.69,1219781.94,0.17,1.1255,7.45
485242,6.35,3081286.7,1848772.02,494176.76,1358986.09,3713643.7600000002,0.2,1.2052,0.52
78940,4.93,389174.2,233504.52,62415.76,161048.07,458447.20999999996,0.19,1.178,2.2
225946,4.61,1041611.06,624966.64,167053.58,459397.35,1255375.69,0.2,1.2052,0.52
481571,5.06,2436749.26,1462049.56,390805.85,943653.14,2805768.2,0.18,1.1514,4.86
289967,4.69,1359945.23,815967.14,218108.02,491399.99,1530642.94,0.17,1.1255,7.45
12711,5.5,69910.5,41946.3,11212.25,25261.33,78685.54000000001,0.17,1.1255,7.45
325767,4.64,1511558.88,906935.33,242423.81,546183.77,1701286.8299999998,0.17,1.1255,7.45
963091,6.48,6240829.68,3744497.81,1000904.26,2752486.73,7521603.950000001,0.2,1.2052,0.52
249645,4.57,1140877.65,684526.59,182973.96,503178.38,1375014.27,0.2,1.2052,0.52
405941,6.3,2557428.3,1534456.98,410160.35,1058314.98,3012650.54,0.19,1.178,2.2
458702,5.04,2311858.08,1387114.85,370775.8,1019633.45,2786309.16,0.2,1.2052,0.52
802716,4.56,3660384.96,2196230.98,587052.54,1322636.45,4119829.4299999997,0.17,1.1255,7.45
548409,4.7,2577522.3,1546513.38,413383.03,1136803.32,3106494.31,0.2,1.2052,0.52
832583,5.05,4204544.15,2522726.49,674324.79,1854393.18,5067421.7299999995,0.2,1.2052,0.52
320119,4.8,1536571.2,921942.72,246435.29,635863.89,1810080.8699999999,0.19,1.178,2.2
307179,5.53,1698699.87,1019219.92,272437.49,702955.98,2001068.4500000002,0.19,1.178,2.2
905261,5.27,4770725.47,2862435.28,765128.95,1847506.49,5493199.4799999995,0.18,1.1514,4.86
409122,5.26,2151981.72,1291189.03,345134.83,949120.78,2593622.17,0.2,1.2052,0.52
77188,6.26,483196.88,289918.13,77495.12,199956.53,569205.93,0.19,1.178,2.2
582923,5.77,3363465.71,2018079.43,539432.63,1215348.22,3785641.45,0.17,1.1255,7.45
385222,5.77,2222730.94,1333638.56,356481.59,860772.62,2559339.15,0.18,1.1514,4.86
691640,6.45,4461078.0,2676646.8,715467.69,1846083.3,5255149.89,0.19,1.178,2.2
189203,6.06,1146570.18,687942.11,183886.93,444019.65,1320205.66,0.18,1.1514,4.86
376690,5.85,2203636.5,1322181.9,353419.22,911908.86,2595883.8,0.19,1.178,2.2
892539,5.64,5033919.96,3020351.98,807340.08,2083136.76,5929957.720000001,0.19,1.178,2.2
610733,5.85,3572788.05,2143672.83,573003.75,1290984.35,4021237.52,0.17,1.1255,7.45
116914,5.02,586908.28,352144.97,94128.35,242874.38,691377.95,0.19,1.178,2.2
509041,5.3,2697917.3,1618750.38,432691.98,1044792.82,3106487.2699999996,0.18,1.1514,4.86
939486,5.07,4763194.02,2857916.41,763921.06,2100782.91,5740720.5200000005,0.2,1.2052,0.52
671315,5.58,3745937.7,2247562.62,600773.49,1353549.91,4216120.58,0.17,1.1255,7.45
484085,5.92,2865783.2,1719469.92,459614.31,1263939.35,3453913.56,0.2,1.2052,0.52
742440,6.4,4751616.0,2850969.6,762064.17,1966313.73,5597403.64,0.19,1.178,2.2
367173,5.01,1839536.73,1103722.04,295024.9,712377.2,2118114.38,0.18,1.1514,4.86
449098,5.99,2690097.02,1614058.21,431437.76,972034.47,3027752.81,0.17,1.1255,7.45
140597,4.73,665023.81,399014.29,106656.52,275200.15,783398.0499999999,0.19,1.178,2.2
559415,4.5,2517367.5,1510420.5,403735.4,974873.28,2898595.1799999997,0.18,1.1514,4.86
897160,4.98,4467856.8,2680714.08,716554.87,1970525.9,5384772.71,0.2,1.2052,0.52
961528,6.33,6086472.24,3651883.34,976148.42,2518703.94,7169864.289999999,0.19,1.178,2.2
990802,5.46,5409778.92,3245867.35,867620.34,2385955.94,6520000.79,0.2,1.2052,0.52
887469,5.47,4854455.43,2912673.26,778557.56,1879931.67,5589609.42,0.18,1.1514,4.86
922874,5.15,4752801.1,2851680.66,762254.24,1966804.15,5598799.69,0.19,1.178,2.2
68415,4.54,310604.1,186362.46,49814.69,112233.09,349590.54,0.17,1.1255,7.45
576117,5.15,2967002.55,1780201.53,475847.87,1148998.51,3416322.52,0.18,1.1514,4.86
924743,5.1,4716189.3,2829713.58,756382.44,2080051.71,5684069.25,0.2,1.2052,0.52
385830,5.2,2006316.0,1203789.6,321772.96,776963.98,2310150.54,0.18,1.1514,4.86
164145,5.3,869968.5,521981.1,139525.55,314352.74,979165.2699999999,0.17,1.1255,7.45
170227,5.9,1004339.3,602603.58,161075.94,442958.83,1210454.84,0.2,1.2052,0.52
530575,4.59,2435339.25,1461203.55,390579.71,1074094.2,2935131.75,0.2,1.2052,0.52
877839,5.6,4915898.4,2949539.04,788411.79,1903726.02,5660357.26,0.18,1.1514,4.86
941188,5.87,5524773.56,3314864.14,886063.18,2286261.79,6508183.25,0.19,1.178,2.2
207458,5.3,1099527.4,659716.44,176342.2,484941.06,1325177.9,0.2,1.2052,0.52
770378,6.2,4776343.6,2865806.16,766029.99,1976546.51,5626532.7700000005,0.19,1.178,2.2
983775,5.87,5774759.25,3464855.55,926155.89,2546928.7,6959884.2299999995,0.2,1.2052,0.52
661044,6.33,4184408.52,2510645.11,671095.44,1511986.11,4709627.41,0.17,1.1255,7.45
958371,5.11,4897275.81,2938365.49,785425.1,2026590.68,5768990.920000001,0.19,1.178,2.2
942591,5.56,5240805.96,3144483.58,840520.46,2311431.27,6316350.37,0.2,1.2052,0.52
995129,5.1,5075157.9,3045094.74,813953.82,2100201.84,5978536.0,0.19,1.178,2.2
333915,5.33,1779766.95,1067860.17,285439.02,784957.31,2145019.61,0.2,1.2052,0.52
644468,5.81,3744359.08,2246615.45,600520.31,1450036.84,4311401.16,0.18,1.1514,4.86
653413,6.39,4175309.07,2505185.44,669636.07,1727826.4,4918514.08,0.19,1.178,2.2
16427,6.03,99054.81,59432.89,15886.41,38359.87,114055.58000000002,0.18,1.1514,4.86
993850,6.14,6102239.0,3661343.4,978677.09,2363147.12,7026356.12,0.18,1.1514,4.86
658158,4.83,3178903.14,1907341.88,509832.48,1231058.93,3660313.12,0.18,1.1514,4.86
771381,6.27,4836558.87,2901935.32,775687.31,1873001.07,5569002.62,0.18,1.1514,4.86
796390,5.0,3981950.0,2389170.0,638625.14,1647810.55,4690737.100000001,0.19,1.178,2.2
464074,5.87,2724114.38,1634468.63,436893.46,984326.24,3066039.96,0.17,1.1255,7.45
645882,4.55,2938763.1,1763257.86,471318.83,1138062.53,3383806.5199999996,0.18,1.1514,4.86
493764,5.26,2597198.64,1558319.18,416538.72,938466.75,2923194.0,0.17,1.1255,7.45
479534,5.61,2690185.74,1614111.44,431451.99,1186492.97,3242279.11,0.2,1.2052,0.52
982684,5.52,5424415.68,3254649.41,869967.79,2100653.93,6245883.910000001,0.18,1.1514,4.86
801398,5.62,4503856.76,2702314.06,722328.55,1863786.01,5305543.28,0.19,1.178,2.2
426126,6.24,2659026.24,1595415.74,426454.63,1100358.24,3132332.91,0.19,1.178,2.2
884969,5.65,5000074.85,3000044.91,801912.0,1936324.11,5757281.300000001,0.18,1.1514,4.86
960234,5.0,4801170.0,2880702.0,770011.65,1859296.41,5528254.51,0.18,1.1514,4.86
851965,5.19,4421698.35,2653019.01,709151.98,1829787.21,5208760.649999999,0.19,1.178,2.2
779849,5.37,4187789.13,2512673.48,671637.62,1732990.9,4933215.6,0.19,1.178,2.2
190941,4.83,922245.03,553347.02,147909.66,357147.71,1061908.9200000002,0.18,1.1514,4.86
239400,5.51,1319094.0,791456.4,211556.3,476638.88,1484664.1400000001,0.17,1.1255,7.45
262086,5.15,1349742.9,809845.74,216471.77,558550.61,1589997.1400000001,0.19,1.178,2.2
492621,5.97,2940947.37,1764568.42,471669.14,1217022.84,3464436.0000000005,0.19,1.178,2.2
564306,6.01,3391479.06,2034887.44,543925.41,1225470.51,3817170.9800000004,0.17,1.1255,7.45
966104,6.24,6028488.96,3617093.38,966849.06,2494709.3,7101559.999999999,0.19,1.178,2.2
703670,4.86,3419836.2,2051901.72,548473.33,1235717.02,3849087.4499999997,0.17,1.1255,7.45
521216,4.61,2402805.76,1441683.46,385361.99,868225.2,2704401.31,0.17,1.1255,7.45
548439,6.27,3438712.53,2063227.52,551500.72,1331672.46,3959467.81,0.18,1.1514,4.86
547823,4.86,2662419.78,1597451.87,426998.89,1101762.56,3136330.5200000005,0.19,1.178,2.2
501209,4.55,2280500.95,1368300.57,365746.74,824031.82,2566745.03,0.17,1.1255,7.45
816406,6.07,4955584.42,2973350.65,794776.63,2185635.73,5972594.2299999995,0.2,1.2052,0.52
369978,6.06,2242066.68,1345240.01,359582.65,810144.05,2523486.56,0.17,1.1255,7.45
552285,5.95,3286095.75,1971657.45,527024.04,1272570.23,3783738.8800000004,0.18,1.1514,4.86
296929,4.87,1446044.23,867626.54,231916.57,522510.83,1627548.9100000001,0.17,1.1255,7.45
696442,5.56,3872217.52,2323330.51,621026.25,1499551.18,4458622.369999999,0.18,1.1514,4.86
335178,5.79,1940680.62,1164408.37,311246.36,751546.08,2234575.4,0.18,1.1514,4.86
869029,6.22,5405360.38,3243216.23,866911.7,2384007.17,6514675.47,0.2,1.2052,0.52
668701,5.66,3784847.66,2270908.6,607013.87,1566245.66,4458550.55,0.19,1.178,2.2
655269,4.67,3060106.23,1836063.74,490779.84,1349644.55,3688116.53,0.2,1.2052,0.52
968286,5.87,5683838.82,3410303.29,911574.07,2053787.36,6397263.3100000005,0.17,1.1255,7.45
871092,5.0,4355460.0,2613276.0,698528.68,1686691.19,5015046.62,0.18,1.1514,4.86
503774,5.46,2750606.04,1650363.62,441142.2,1065197.01,3167155.13,0.18,1.1514,4.86
30253,4.94,149449.82,89669.89,23968.76,61845.32,176051.88,0.19,1.178,2.2
39252,5.3,208035.6,124821.36,33364.75,80563.66,239540.31,0.18,1.1514,4.86
226448,5.13,1161678.24,697006.94,186309.96,480725.69,1368456.9699999997,0.19,1.178,2.2
870971,6.3,5487117.3,3292270.38,880023.87,2124935.69,6318080.989999999,0.18,1.1514,4.86
114274,4.92,562228.08,337336.85,90170.14,217727.9,647371.36,0.18,1.1514,4.86
73390,4.82,353739.8,212243.88,56732.79,136988.93,407309.81,0.18,1.1514,4.86
165778,4.87,807338.86,484403.32,129481.01,334092.97,951045.19,0.19,1.178,2.2
288511,5.03,1451210.33,870726.2,232745.11,600539.86,1709525.77,0.19,1.178,2.2
892537,5.02,4480535.74,2688321.44,718588.32,1976117.89,5400053.6899999995,0.2,1.2052,0.52
579914,6.15,3566471.1,2139882.66,571990.64,1288701.79,4014127.68,0.17,1.1255,7.45
900675,4.51,4062044.25,2437226.55,651470.66,1791544.31,4895677.289999999,0.2,1.2052,0.52
874119,4.65,4064653.35,2438792.01,651889.1,1792695.03,4898821.819999999,0.2,1.2052,0.52
533240,6.02,3210104.8,1926062.88,514836.61,1328405.57,3781503.4599999995,0.19,1.178,2.2
894201,5.65,5052235.65,3031341.39,810277.55,2090716.16,5951533.600000001,0.19,1.178,2.2
473295,5.7,2697781.5,1618668.9,432670.2,1189843.04,3251433.7099999995,0.2,1.2052,0.52
711746,6.09,4334533.14,2600719.88,695172.43,1566231.85,4878595.390000001,0.17,1.1255,7.45
38545,5.15,198506.75,119104.05,31836.51,71728.05,223422.93999999997,0.17,1.1255,7.45
793904,5.77,4580826.08,2748495.65,734672.89,1655226.87,5155802.55,0.17,1.1255,7.45
403145,4.64,1870592.8,1122355.68,300005.67,774088.71,2203558.3099999996,0.19,1.178,2.2
21452,6.37,136649.24,81989.54,21915.8,60268.46,164693.06999999998,0.2,1.2052,0.52
965329,5.66,5463762.14,3278257.28,876278.17,2115891.2,6291188.95,0.18,1.1514,4.86
534203,4.91,2622936.73,1573762.04,420666.59,1156833.13,3161228.92,0.2,1.2052,0.52
274996,5.32,1462978.72,877787.23,234632.53,605409.85,1723388.93,0.19,1.178,2.2
828825,4.98,4127548.5,2476529.1,661976.23,1598430.4,4752620.41,0.18,1.1514,4.86
514580,5.95,3061751.0,1837050.6,491043.62,1350369.97,3690098.8400000003,0.2,1.2052,0.52
555165,5.77,3203302.05,1921981.23,513745.58,1240507.63,3688406.9899999998,0.18,1.1514,4.86
857808,5.57,4777990.56,2866794.34,766294.13,1977228.05,5628472.88,0.19,1.178,2.2
914373,5.8,5303363.4,3182018.04,850553.42,1916307.11,5969031.350000001,0.17,1.1255,7.45
910785,6.01,5473817.85,3284290.71,877890.91,1977898.79,6160880.92,0.17,1.1255,7.45
81041,4.98,403584.18,242150.51,64726.83,167011.21,475422.17000000004,0.19,1.178,2.2
463768,5.77,2675941.36,1605564.82,429167.48,1036282.44,3081183.3200000003,0.18,1.1514,4.86
140101,5.92,829397.92,497638.75,133018.84,299693.05,933502.3499999999,0.17,1.1255,7.45
257189,6.3,1620290.7,972174.42,259862.22,714621.11,1952814.85,0.2,1.2052,0.52
465190,5.32,2474810.8,1484886.48,396910.16,958392.82,2849593.7399999998,0.18,1.1514,4.86
621337,5.47,3398713.39,2039228.03,545085.65,1228084.54,3825313.33,0.17,1.1255,7.45
761488,5.97,4546083.36,2727650.02,729100.85,2005027.34,5479053.33,0.2,1.2052,0.52
650018,6.32,4108113.76,2464868.26,658859.29,1700019.64,4839358.02,0.19,1.178,2.2
690226,6.09,4203476.34,2522085.8,674153.54,1627834.15,4840046.7,0.18,1.1514,4.86
127863,6.44,823437.72,494062.63,132062.94,340755.0,970009.6300000001,0.19,1.178,2.2
254350,5.16,1312446.0,787467.6,210490.09,474236.71,1477181.69,0.17,1.1255,7.45
141432,6.24,882535.68,529521.41,141541.07,389237.95,1063654.0699999998,0.2,1.2052,0.52
667376,4.79,3196731.04,1918038.62,512691.72,1322871.24,3765749.16,0.19,1.178,2.2
319039,4.92,1569671.88,941803.13,251743.98,692295.93,1891807.79,0.2,1.2052,0.52
881464,5.7,5024344.8,3014606.88,805804.42,2215962.15,6055465.959999999,0.2,1.2052,0.52
758069,5.02,3805506.38,2283303.83,610327.11,1375074.34,4283166.2,0.17,1.1255,7.45
316334,5.62,1777797.08,1066678.25,285123.1,784088.52,2142645.5,0.2,1.2052,0.52
967052,4.95,4786907.4,2872144.44,767724.21,2111241.58,5769300.48,0.2,1.2052,0.52
261328,4.96,1296186.88,777712.13,207882.45,468361.67,1458881.76,0.17,1.1255,7.45
870162,4.89,4255092.18,2553055.31,682431.68,1537526.81,4789183.15,0.17,1.1255,7.45
107681,5.88,633164.28,379898.57,101546.89,262016.04,745867.52,0.19,1.178,2.2
279618,4.78,1336574.04,801944.42,214359.74,482955.09,1504338.23,0.17,1.1255,7.45
746781,5.31,3965407.11,2379244.27,635971.99,1432852.56,4463137.37,0.17,1.1255,7.45
980525,6.36,6236139.0,3741683.4,1000151.97,2580639.04,7346171.74,0.19,1.178,2.2
869936,5.96,5184818.56,3110891.14,831541.2,2286738.3,6248872.949999999,0.2,1.2052,0.52
291637,5.92,1726491.04,1035894.62,276894.63,761460.24,2080810.16,0.2,1.2052,0.52
542661,5.67,3076887.87,1846132.72,493471.28,1191552.59,3542848.76,0.18,1.1514,4.86
96758,6.3,609575.4,365745.24,97763.7,236063.57,701888.9,0.18,1.1514,4.86
865583,5.18,4483719.94,2690231.96,719099.0,1736361.01,5162730.109999999,0.18,1.1514,4.86
307501,5.38,1654355.38,992613.23,265325.52,640664.05,1904889.35,0.18,1.1514,4.86
715894,5.08,3636741.52,2182044.91,583260.6,1504956.37,4284081.500000001,0.19,1.178,2.2
403543,4.51,1819978.93,1091987.36,291888.22,657627.68,2048419.1800000002,0.17,1.1255,7.45
890934,5.08,4525944.72,2715566.83,725871.01,1872926.44,5331562.869999999,0.19,1.178,2.2
98403,6.05,595338.15,357202.89,95480.33,262570.91,717516.41,0.2,1.2052,0.52
283646,6.1,1730240.6,1038144.36,277495.99,716008.16,2038223.4200000002,0.19,1.178,2.2
864713,5.58,4825098.54,2895059.12,773849.3,1868562.95,5555806.74,0.18,1.1514,4.86
484094,4.69,2270400.86,1362240.52,364126.89,939537.28,2674532.2100000004,0.19,1.178,2.2
582711,5.28,3076714.08,1846028.45,493443.4,1356969.36,3708132.7199999997,0.2,1.2052,0.52
869850,5.8,5045130.0,3027078.0,809137.95,1953772.12,5809159.5600000005,0.18,1.1514,4.86
662649,6.4,4240953.6,2544572.16,680164.14,1870451.38,5111303.3,0.2,1.2052,0.52
678674,6.46,4384234.04,2630540.42,703143.46,1933644.5,5283988.47,0.2,1.2052,0.52
562410,4.94,2778305.4,1666983.24,445584.62,1075923.84,3199049.2600000002,0.18,1.1514,4.86
87108,4.62,402438.96,241463.38,64543.16,145416.52,452952.3300000001,0.17,1.1255,7.45
676576,6.37,4309789.12,2585873.47,691203.98,1669004.73,4962459.38,0.18,1.1514,4.86
531014,4.76,2527626.64,1516575.98,405380.76,978846.23,2910407.9499999997,0.18,1.1514,4.86
101151,4.6,465294.6,279176.76,74623.95,205215.86,560784.6900000001,0.2,1.2052,0.52
679008,6.18,4196269.44,2517761.66,672997.69,1516271.91,4722977.08,0.17,1.1255,7.45
148765,6.34,943170.1,565902.06,151265.62,415980.46,1136732.1900000002,0.2,1.2052,0.52
744982,5.13,3821757.66,2293054.6,612933.49,1380946.55,4301457.319999999,0.17,1.1255,7.45
640962,5.05,3236858.1,1942114.86,519127.3,1253502.51,3727044.73,0.18,1.1514,4.86
704744,4.63,3262964.72,1957778.83,523314.28,1439114.28,3932606.6600000006,0.2,1.2052,0.52
955205,6.1,5826750.5,3496050.3,934494.25,2256461.71,6709147.91,0.18,1.1514,4.86
188262,6.13,1154046.06,692427.64,185085.91,446914.75,1328813.68,0.18,1.1514,4.86
71231,5.79,412427.49,247456.49,66145.12,181899.08,497067.9099999999,0.2,1.2052,0.52
157750,5.32,839230.0,503538.0,134595.71,303245.75,944568.5299999999,0.17,1.1255,7.45
17633,6.38,112498.54,67499.12,18042.51,49616.91,135586.02999999997,0.2,1.2052,0.52
859739,4.91,4221318.49,2532791.09,677015.06,1525323.08,4751170.24,0.17,1.1255,7.45
975814,6.06,5913432.84,3548059.7,948396.36,2447096.78,6966023.88,0.19,1.178,2.2
828113,5.69,4711962.97,2827177.78,755704.62,1824750.18,5425538.04,0.18,1.1514,4.86
531662,6.17,3280354.54,1968212.72,526103.26,1357476.32,3864257.65,0.19,1.178,2.2
788768,4.98,3928064.64,2356838.78,629983.01,1521178.48,4522926.92,0.18,1.1514,4.86
712109,6.19,4407954.71,2644772.83,706947.78,1592761.86,4961232.700000001,0.17,1.1255,7.45
708777,5.72,4054204.44,2432522.66,650213.31,1464938.42,4563080.370000001,0.17,1.1255,7.45
348783,5.23,1824135.09,1094481.05,292554.79,706412.77,2100380.3200000003,0.18,1.1514,4.86
178906,5.36,958936.16,575361.7,153794.18,422934.0,1155733.8399999999,0.2,1.2052,0.52
504708,6.0,3028248.0,1816948.8,485670.41,1172716.36,3486842.91,0.18,1.1514,4.86
932639,6.28,5856972.92,3514183.75,939341.32,2423732.53,6899514.1,0.19,1.178,2.2
275677,6.23,1717467.71,1030480.63,275447.47,757480.55,2069935.03,0.2,1.2052,0.52
266850,4.68,1248858.0,749314.8,200291.85,483631.53,1437983.84,0.18,1.1514,4.86
307391,5.18,1592285.38,955371.23,255370.73,702269.51,1919062.15,0.2,1.2052,0.52
302482,5.34,1615253.88,969152.33,259054.42,583652.72,1817997.43,0.17,1.1255,7.45
615177,6.47,3980195.19,2388117.11,638343.7,1647084.37,4688669.92,0.19,1.178,2.2
209447,5.02,1051423.94,630854.36,168627.37,463725.27,1267202.41,0.2,1.2052,0.52
973516,4.98,4848109.68,2908865.81,777539.83,2006244.75,5711073.210000001,0.19,1.178,2.2
285908,5.15,1472426.2,883455.72,236147.71,649406.21,1774604.8599999999,0.2,1.2052,0.52
797631,5.8,4626259.8,2775755.88,741959.55,1791560.86,5326856.08,0.18,1.1514,4.86
790890,5.83,4610888.7,2766533.22,739494.33,1666089.64,5189638.57,0.17,1.1255,7.45
149428,5.95,889096.6,533457.96,142593.31,392131.61,1071561.45,0.2,1.2052,0.52
316168,5.11,1615618.48,969371.09,259112.89,583784.47,1818407.8,0.17,1.1255,7.45
334225,6.05,2022061.25,1213236.75,324298.18,891820.0,2437038.76,0.2,1.2052,0.52
54995,4.56,250777.2,150466.32,40219.65,90615.35,282254.27,0.17,1.1255,7.45
71847,6.43,461976.21,277185.73,74091.74,178904.46,531937.44,0.18,1.1514,4.86
572140,5.99,3427118.6,2056271.16,549641.28,1238348.43,3857283.92,0.17,1.1255,7.45
734902,4.8,3527529.6,2116517.76,565745.2,1555799.29,4251466.86,0.2,1.2052,0.52
744244,6.13,4562215.72,2737329.43,731688.16,1648502.23,5134856.24,0.17,1.1255,7.45
563760,5.62,3168331.2,1900998.72,508136.96,1397376.63,3818551.97,0.2,1.2052,0.52
953079,4.96,4727271.84,2836363.1,758159.86,1708143.29,5320629.88,0.17,1.1255,7.45
489160,5.74,2807778.4,1684667.04,450311.5,1014557.23,3160205.33,0.17,1.1255,7.45
660707,4.6,3039252.2,1823551.32,487435.27,1257703.35,3580239.1,0.19,1.178,2.2
532108,6.3,3352280.4,2011368.24,537638.73,1478506.51,4040252.1499999994,0.2,1.2052,0.52
328500,5.07,1665495.0,999297.0,267112.09,601806.75,1874544.72,0.17,1.1255,7.45
742748,4.86,3609755.28,2165853.17,578932.55,1592064.52,4350567.3100000005,0.2,1.2052,0.52
609448,4.77,2907066.96,1744240.18,466235.4,1050433.97,3271956.4,0.17,1.1255,7.45
830810,4.9,4070969.0,2442581.4,652902.01,1795480.52,4906433.609999999,0.2,1.2052,0.52
637487,4.75,3028063.25,1816837.95,485640.78,1094154.54,3408139.91,0.17,1.1255,7.45
677244,5.24,3548758.56,2129255.14,569149.9,1565162.22,4277052.54,0.2,1.2052,0.52
572335,5.94,3399669.9,2039801.94,545239.06,1316552.85,3914512.6,0.18,1.1514,4.86
628750,5.71,3590162.5,2154097.5,575790.26,1297262.4,4040792.78,0.17,1.1255,7.45
229357,5.61,1286692.77,772015.66,206359.79,498283.39,1481548.27,0.18,1.1514,4.86
561325,6.5,3648612.5,2189167.5,585164.47,1318382.61,4106579.31,0.17,1.1255,7.45
32363,5.63,182203.69,109322.21,29221.83,70560.02,209796.43,0.18,1.1514,4.86
204565,5.43,1110787.95,666472.77,178148.17,430162.66,1279004.59,0.18,1.1514,4.86
932581,4.72,4401782.32,2641069.39,705957.85,1590531.54,4954285.55,0.17,1.1255,7.45
739708,6.04,4467836.32,2680701.79,716551.59,1970516.87,5384748.03,0.2,1.2052,0.52
214808,5.78,1241590.24,744954.14,199126.24,448633.82,1397432.24,0.17,1.1255,7.45
310947,4.97,1545406.59,927243.95,247852.31,639520.16,1820488.97,0.19,1.178,2.2
963223,4.56,4392296.88,2635378.13,704436.57,1937200.58,5293706.01,0.2,1.2052,0.52
661890,6.02,3984577.8,2390746.68,639046.59,1648897.99,4693832.66,0.19,1.178,2.2
142131,4.71,669437.01,401662.21,107364.31,259245.52,770815.9,0.18,1.1514,4.86
365775,5.41,1978842.75,1187305.65,317366.8,872758.7,2384950.75,0.2,1.2052,0.52
676988,5.01,3391709.88,2035025.93,543962.43,1495896.68,4087773.54,0.2,1.2052,0.52
408692,6.44,2631976.48,1579185.89,422116.39,1089164.51,3100468.3,0.19,1.178,2.2
941394,5.86,5516568.84,3309941.3,884747.31,2136341.07,6351992.64,0.18,1.1514,4.86
902736,5.46,4928938.56,2957363.14,790503.17,1781013.16,5547609.4399999995,0.17,1.1255,7.45
463272,5.68,2631384.96,1578830.98,422021.52,1019027.57,3029879.3299999996,0.18,1.1514,4.86
31731,4.99,158337.69,95002.61,25394.2,65523.3,186521.78999999998,0.19,1.178,2.2
603363,4.94,2980613.22,1788367.93,478030.75,1314584.56,3592309.57,0.2,1.2052,0.52
537131,6.14,3297984.34,1978790.6,528930.73,1191687.3,3711940.9699999997,0.17,1.1255,7.45
989545,5.98,5917479.1,3550487.46,949045.3,2609874.57,7131893.75,0.2,1.2052,0.52
40825,4.75,193918.75,116351.25,31100.69,75096.79,223285.62,0.18,1.1514,4.86
731834,4.59,3359118.06,2015470.84,538735.36,1300848.79,3867819.64,0.18,1.1514,4.86
201734,5.78,1166022.52,699613.51,187006.69,451552.74,1342603.8299999998,0.18,1.1514,4.86
444192,4.56,2025515.52,1215309.31,324852.18,784399.16,2332257.61,0.18,1.1514,4.86
823320,4.59,3779038.8,2267423.28,606082.24,1463466.88,4351332.749999999,0.18,1.1514,4.86
467286,5.72,2672875.92,1603725.55,428675.84,1106089.51,3148647.8300000005,0.19,1.178,2.2
211269,4.65,982400.85,589440.51,157557.45,380443.59,1131174.6700000002,0.18,1.1514,4.86
840873,4.58,3851198.34,2310719.0,617655.19,1698551.77,4641560.51,0.2,1.2052,0.52
146847,6.36,933946.92,560368.15,149786.41,337470.58,1051174.1400000001,0.17,1.1255,7.45
46919,6.37,298874.03,179324.42,47933.42,131816.9,360210.45999999996,0.2,1.2052,0.52
545113,6.18,3368798.34,2021279.0,540287.88,1485791.66,4060159.97,0.2,1.2052,0.52
654478,5.63,3684711.14,2210826.68,590953.97,1426937.64,4242720.19,0.18,1.1514,4.86
410271,6.24,2560091.04,1536054.62,410587.4,1129115.35,3085485.72,0.2,1.2052,0.52
823272,5.91,4865537.52,2919322.51,780334.91,1758103.95,5476250.41,0.17,1.1255,7.45
262679,5.1,1339662.9,803797.74,214855.14,554379.3,1578122.9000000001,0.19,1.178,2.2
830499,4.92,4086055.08,2451633.05,655321.51,1582361.7,4704843.27,0.18,1.1514,4.86
156565,5.84,914339.6,548603.76,146641.79,354086.26,1052806.3,0.18,1.1514,4.86
418645,5.38,2252310.1,1351386.06,361225.49,813845.39,2535015.7199999997,0.17,1.1255,7.45
730661,5.23,3821357.03,2292814.22,612869.24,1581353.97,4501558.59,0.19,1.178,2.2
97271,5.43,528181.53,316908.92,84709.75,204543.06,608168.82,0.18,1.1514,4.86
38353,5.23,200586.19,120351.71,32170.01,83006.58,236290.53,0.19,1.178,2.2
695231,5.74,3990625.94,2394375.56,640016.59,1760045.62,4809602.149999999,0.2,1.2052,0.52
108226,5.55,600654.3,360392.58,96332.94,264915.58,723923.5900000001,0.2,1.2052,0.52
283872,5.32,1510199.04,906119.42,242205.72,624950.57,1779014.47,0.19,1.178,2.2
658912,4.61,3037584.32,1822550.59,487167.77,1257013.14,3578274.32,0.19,1.178,2.2
624515,6.3,3934444.5,2360666.7,631006.21,1523649.14,4530272.9399999995,0.18,1.1514,4.86
287240,5.41,1553968.4,932381.04,249225.45,685369.99,1872881.56,0.2,1.2052,0.52
196444,5.55,1090264.2,654158.52,174856.57,422214.65,1255372.7400000002,0.18,1.1514,4.86
324722,4.84,1571654.48,942992.69,252061.95,567898.6,1768925.5299999998,0.17,1.1255,7.45
406277,5.52,2242649.04,1345589.42,359676.05,928053.02,2641840.56,0.19,1.178,2.2
495584,6.26,3102355.84,1861413.5,497555.83,1368278.53,3739036.8100000005,0.2,1.2052,0.52
588347,4.56,2682862.32,1609717.39,430277.46,1183263.01,3233452.7399999998,0.2,1.2052,0.52
150581,5.17,778503.77,467102.26,124856.43,322160.43,917077.4299999999,0.19,1.178,2.2
541957,4.75,2574295.75,1544577.45,412865.55,1135380.27,3102605.59,0.2,1.2052,0.52
686468,5.05,3466663.4,2079998.04,555983.48,1528954.56,4178109.4,0.2,1.2052,0.52
674241,6.29,4240975.89,2544585.53,680167.71,1532426.05,4773295.0,0.17,1.1255,7.45
161499,5.87,947999.13,568799.48,152040.1,367121.22,1091563.1999999997,0.18,1.1514,4.86
787346,6.35,4999647.1,2999788.26,801843.4,2068953.96,5889584.279999999,0.19,1.178,2.2
733192,5.57,4083879.44,2450327.66,654972.58,1475661.12,4596480.100000001,0.17,1.1255,7.45
527761,5.77,3045180.97,1827108.58,488386.12,1343061.84,3670128.23,0.2,1.2052,0.52
249737,5.01,1251182.37,750709.42,200664.63,484531.66,1440660.2,0.18,1.1514,4.86
215726,4.94,1065686.44,639411.86,170914.79,441002.36,1255378.62,0.19,1.178,2.2
986911,6.47,6385314.17,3831188.5,1024076.69,2642370.71,7521900.09,0.19,1.178,2.2
850194,6.21,5279704.74,3167822.84,846759.05,1907758.33,5942403.1,0.17,1.1255,7.45
421364,5.5,2317502.0,1390501.2,371680.97,897473.56,2668462.2399999998,0.18,1.1514,4.86
433036,5.51,2386028.36,1431617.02,382671.23,924011.02,2747366.18,0.18,1.1514,4.86
975268,6.47,6309983.96,3785990.38,1011995.23,2280037.44,7102000.989999999,0.17,1.1255,7.45
73227,5.4,395425.8,237255.48,63418.39,163635.11,465811.6,0.19,1.178,2.2
484214,4.53,2193489.42,1316093.65,351791.83,792591.24,2468811.9799999995,0.17,1.1255,7.45
583377,6.05,3529430.85,2117658.51,566050.12,1366803.95,4063924.42,0.18,1.1514,4.86
420879,5.63,2369548.77,1421729.26,380028.23,980566.67,2791328.45,0.19,1.178,2.2
934222,5.3,4951376.6,2970825.96,794101.78,1917465.27,5701208.24,0.18,1.1514,4.86
396777,5.03,1995788.31,1197472.99,320084.53,772887.04,2298028.56,0.18,1.1514,4.86
640243,5.26,3367678.18,2020606.91,540108.23,1393612.59,3967124.9099999997,0.19,1.178,2.2
760161,6.02,4576169.22,2745701.53,733926.02,2018296.55,5515313.54,0.2,1.2052,0.52
236005,5.64,1331068.2,798640.92,213476.72,515468.17,1532643.87,0.18,1.1514,4.86
57001,4.96,282724.96,169634.98,45343.43,124694.43,340747.18999999994,0.2,1.2052,0.52
746319,5.53,4127144.07,2476286.44,661911.37,1820256.26,4974137.220000001,0.2,1.2052,0.52
143479,6.01,862308.79,517385.27,138297.08,333936.86,992895.98,0.18,1.1514,4.86
560417,4.55,2549897.35,1529938.41,408952.54,921374.99,2869955.55,0.17,1.1255,7.45
769493,4.57,3516583.01,2109949.81,563989.58,1361828.51,4049130.9200000004,0.18,1.1514,4.86
507315,5.32,2698915.8,1619349.48,432852.12,1045179.5,3107636.98,0.18,1.1514,4.86
710903,5.73,4073474.19,2444084.51,653303.79,1796585.42,4909452.92,0.2,1.2052,0.52
591244,5.51,3257754.44,1954652.66,522478.66,1348123.94,3837634.73,0.19,1.178,2.2
15191,5.42,82335.22,49401.13,13204.92,34071.96,96990.87999999999,0.19,1.178,2.2
805604,5.64,4543606.56,2726163.94,728703.62,2003934.96,5476068.22,0.2,1.2052,0.52
471246,4.56,2148881.76,1289329.06,344637.66,832173.86,2474306.33,0.18,1.1514,4.86
519948,5.13,2667333.24,1600399.94,427786.91,1176413.99,3214736.71,0.2,1.2052,0.52
71476,5.25,375249.0,225149.4,60182.43,155285.54,442043.32,0.19,1.178,2.2
112004,6.27,702265.08,421359.05,112629.27,309730.5,846387.4299999999,0.2,1.2052,0.52
898891,6.2,5573124.2,3343874.52,893817.66,2306270.26,6565140.31,0.19,1.178,2.2
929079,5.37,4989154.23,2993492.54,800160.56,2200441.53,6013053.42,0.2,1.2052,0.52
688580,5.45,3752761.0,2251656.6,601867.81,1552967.56,4420752.460000001,0.19,1.178,2.2
870394,5.24,4560864.56,2736518.74,731471.46,1887376.97,5372698.46,0.19,1.178,2.2
695265,4.79,3330319.35,1998191.61,534116.62,1289696.22,3834659.66,0.18,1.1514,4.86
13185,4.5,59332.5,35599.5,9515.75,24552.98,69893.69,0.19,1.178,2.2
803702,4.73,3801510.46,2280906.28,609686.25,1472169.23,4377207.5,0.18,1.1514,4.86
552965,4.52,2499401.8,1499641.08,400854.06,903129.03,2813121.9,0.17,1.1255,7.45
819579,5.15,4220831.85,2532499.11,676937.01,1525147.24,4750622.5200000005,0.17,1.1255,7.45
309917,6.4,1983468.8,1190081.28,318108.73,820799.06,2336526.2500000005,0.19,1.178,2.2
277265,5.89,1633090.85,979854.51,261915.11,632429.17,1880404.54,0.18,1.1514,4.86
783488,4.65,3643219.2,2185931.52,584299.5,1507636.97,4291712.220000001,0.19,1.178,2.2
869576,4.67,4060919.92,2436551.95,651290.34,1791048.43,4894322.22,0.2,1.2052,0.52
143332,4.95,709493.4,425696.04,113788.55,274757.72,816938.3799999999,0.18,1.1514,4.86
250292,5.8,1451693.6,871016.16,232822.62,640262.21,1749617.43,0.2,1.2052,0.52
915072,5.31,4859032.32,2915419.39,779291.6,2010764.75,5723940.0600000005,0.19,1.178,2.2
784326,5.71,4478501.46,2687100.88,718262.06,1975220.68,5397601.93,0.2,1.2052,0.52
635409,6.39,4060263.51,2436158.11,651185.06,1680218.25,4782990.42,0.19,1.178,2.2
829160,4.51,3739511.6,2243706.96,599742.87,1649292.89,4506952.859999999,0.2,1.2052,0.52
888993,5.78,5138379.54,3083027.72,824093.31,1989883.85,5916530.720000001,0.18,1.1514,4.86
243035,5.48,1331831.8,799099.08,213599.18,587397.76,1605156.98,0.2,1.2052,0.52
329333,5.45,1794864.85,1076918.91,287860.42,791616.17,2163215.99,0.2,1.2052,0.52
985925,5.24,5166247.0,3099748.2,828562.69,2000675.77,5948618.4,0.18,1.1514,4.86
659802,6.42,4235928.84,2541557.3,679358.27,1868235.24,5105247.34,0.2,1.2052,0.52
789403,5.97,4712735.91,2827641.55,755828.59,1702890.91,5304269.45,0.17,1.1255,7.45
949396,6.22,5905243.12,3543145.87,947082.89,2604477.95,7117146.63,0.2,1.2052,0.52
905006,6.17,5583887.02,3350332.21,895543.8,2162410.64,6429505.42,0.18,1.1514,4.86
67633,5.17,349662.61,209797.57,56078.89,126346.41,393551.58999999997,0.17,1.1255,7.45
984132,5.55,5461932.6,3277159.56,875984.75,2408958.06,6582857.71,0.2,1.2052,0.52
731627,4.83,3533758.41,2120255.05,566744.17,1462339.9,4162767.3999999994,0.19,1.178,2.2
272129,5.36,1458611.44,875166.86,233932.1,603602.58,1718244.26,0.19,1.178,2.2
610927,4.83,2950777.41,1770466.45,473245.68,1066228.22,3321153.3,0.17,1.1255,7.45
28677,5.39,154569.03,92741.42,24789.78,63963.76,182082.31999999998,0.19,1.178,2.2
80319,6.34,509222.46,305533.48,81669.1,210726.44,599864.0700000001,0.19,1.178,2.2
402226,4.63,1862306.38,1117383.83,298676.7,721194.95,2144332.2399999998,0.18,1.1514,4.86
643238,4.54,2920300.52,1752180.31,468357.8,1055215.76,3286851.0100000002,0.17,1.1255,7.45
541908,5.24,2839597.92,1703758.75,455414.71,1099659.92,3269623.85,0.18,1.1514,4.86
562013,4.88,2742623.44,1645574.06,439861.95,1062105.68,3157963.66,0.18,1.1514,4.86
711709,6.28,4469532.52,2681719.51,716823.62,1730866.8,5146394.149999999,0.18,1.1514,4.86
35799,4.71,168613.29,101167.97,27042.2,65297.02,194147.92,0.18,1.1514,4.86
423939,5.84,2475803.76,1485482.26,397069.41,1024537.11,2916496.8299999996,0.19,1.178,2.2
474316,5.83,2765262.28,1659157.37,443492.77,1144320.84,3257478.9800000004,0.19,1.178,2.2
622213,5.49,3415949.37,2049569.62,547849.96,1322857.22,3933257.4099999997,0.18,1.1514,4.86
218098,6.03,1315130.94,789078.56,210920.7,544227.49,1549224.25,0.19,1.178,2.2
12802,5.83,74635.66,44781.4,11970.07,30885.73,87920.81999999999,0.19,1.178,2.2
143824,6.14,883079.36,529847.62,141628.27,365435.9,1040267.49,0.19,1.178,2.2
938236,5.09,4775621.24,2865372.74,765914.13,1725613.77,5375048.000000001,0.17,1.1255,7.45
636165,5.35,3403482.75,2042089.65,545850.56,1408429.23,4009302.67,0.19,1.178,2.2
521816,4.74,2473407.84,1484044.7,396685.15,1090884.16,2981012.96,0.2,1.2052,0.52
960894,5.8,5573185.2,3343911.12,893827.44,2158266.26,6417182.92,0.18,1.1514,4.86
92980,5.74,533705.2,320223.12,85595.64,206682.16,614529.0,0.18,1.1514,4.86
528378,5.03,2657741.34,1594644.8,426248.56,1029234.32,3060227.1,0.18,1.1514,4.86
923861,5.43,5016565.23,3009939.14,804556.73,1812676.01,5646234.83,0.17,1.1255,7.45
691482,5.32,3678684.24,2207210.54,589987.38,1522313.11,4333490.03,0.19,1.178,2.2
695677,4.84,3367076.68,2020246.01,540011.76,1216653.0,3789705.66,0.17,1.1255,7.45
231301,5.7,1318415.7,791049.42,211447.51,545586.79,1553093.7000000002,0.19,1.178,2.2
234382,4.83,1132065.06,679239.04,181560.6,438402.41,1303503.9000000001,0.18,1.1514,4.86
229513,5.61,1287567.93,772540.76,206500.15,567875.4,1551809.07,0.2,1.2052,0.52
668608,5.77,3857868.16,2314720.9,618724.9,1701493.47,4649599.17,0.2,1.2052,0.52
651675,5.53,3603762.75,2162257.65,577971.47,1302176.69,4056100.11,0.17,1.1255,7.45
146427,5.1,746777.7,448066.62,119768.21,289196.41,859869.0,0.18,1.1514,4.86
638321,5.94,3791626.74,2274976.04,608101.1,1370059.1,4267544.42,0.17,1.1255,7.45
454146,5.92,2688544.32,1613126.59,431188.74,1185769.03,3240300.8300000005,0.2,1.2052,0.52
926111,5.26,4871343.86,2922806.32,781266.13,2015859.52,5738443.08,0.19,1.178,2.2
409157,6.46,2643154.22,1585892.53,423909.07,1165749.95,3185595.54,0.2,1.2052,0.52
349986,5.09,1781428.74,1068857.24,285705.54,689874.35,2051206.5599999998,0.18,1.1514,4.86
566941,4.61,2613598.01,1568158.81,419168.85,1012139.42,3009398.75,0.18,1.1514,4.86
47706,4.81,229465.86,137679.52,36801.74,101204.77,276557.99999999994,0.2,1.2052,0.52
715623,5.57,3986020.11,2391612.07,639277.91,1649494.84,4695531.7,0.19,1.178,2.2
205873,4.6,947015.8,568209.48,151882.39,342192.86,1065883.39,0.17,1.1255,7.45
971841,4.53,4402439.73,2641463.84,706063.28,1704884.51,5069140.899999999,0.18,1.1514,4.86
323528,6.28,2031755.84,1219053.5,325853.0,840781.2,2393408.37,0.19,1.178,2.2
951646,4.85,4615483.1,2769289.86,740231.18,1787387.48,5314447.359999999,0.18,1.1514,4.86
339412,6.18,2097566.16,1258539.7,336407.66,812301.43,2415219.54,0.18,1.1514,4.86
726084,5.9,4283895.6,2570337.36,687051.18,1889390.73,5163058.069999999,0.2,1.2052,0.52
488568,5.6,2735980.8,1641588.48,438796.6,1059533.26,3150315.07,0.18,1.1514,4.86
607493,5.39,3274387.27,1964632.36,525146.23,1183160.78,3685382.04,0.17,1.1255,7.45
316637,4.81,1523023.97,913814.38,244262.58,589804.78,1753669.23,0.18,1.1514,4.86
925348,4.69,4339882.12,2603929.27,696030.29,1914083.31,5230534.42,0.2,1.2052,0.52
671352,5.93,3981117.36,2388670.42,638491.6,1438529.27,4480819.54,0.17,1.1255,7.45
135163,4.71,636617.73,381970.64,102100.75,280777.07,767267.61,0.2,1.2052,0.52
307274,4.96,1524079.04,914447.42,244431.8,550707.78,1715378.5,0.17,1.1255,7.45
897089,5.41,4853251.49,2911950.89,778364.47,1753664.54,5462422.260000001,0.17,1.1255,7.45
382040,5.72,2185268.8,1311161.28,350473.41,963801.88,2633740.59,0.2,1.2052,0.52
837042,5.98,5005511.16,3003306.7,802783.88,2071380.63,5896492.15,0.19,1.178,2.2
811094,5.45,4420462.3,2652277.38,708953.74,1949622.79,5327651.67,0.2,1.2052,0.52
684258,5.46,3736048.68,2241629.21,599187.49,1647765.59,4502779.2700000005,0.2,1.2052,0.52
27525,4.78,131569.5,78941.7,21101.12,54446.09,154988.86999999997,0.19,1.178,2.2
246405,5.24,1291162.2,774697.32,207076.59,569460.63,1556140.96,0.2,1.2052,0.52
966707,6.49,6273928.43,3764357.06,1006212.64,2767084.77,7561495.4,0.2,1.2052,0.52
142425,5.74,817519.5,490511.7,131113.78,338305.92,963037.9699999999,0.19,1.178,2.2
392896,4.57,1795534.72,1077320.83,287967.86,743028.18,2115139.9,0.19,1.178,2.2
69686,5.82,405572.52,243343.51,65045.72,146548.79,456479.2,0.17,1.1255,7.45
49453,6.17,305125.01,183075.01,48935.95,110253.28,343423.72,0.17,1.1255,7.45
737525,4.53,3340988.25,2004592.95,535827.7,1382567.76,3935684.17,0.19,1.178,2.2
959301,4.72,4527900.72,2716740.43,726184.72,1636102.92,5096234.09,0.17,1.1255,7.45
330960,4.79,1585298.4,951179.04,254250.16,699187.93,1910641.2599999998,0.2,1.2052,0.52
135813,5.27,715734.51,429440.71,114789.5,277174.65,824124.65,0.18,1.1514,4.86
73909,5.88,434584.92,260750.95,69698.73,179839.93,511941.02999999997,0.19,1.178,2.2
957140,5.71,5465269.4,3279161.64,876519.91,1974809.91,6151259.4799999995,0.17,1.1255,7.45
425228,5.17,2198428.76,1319057.26,352584.0,969606.01,2649601.3,0.2,1.2052,0.52
345444,6.15,2124480.6,1274688.36,340724.2,767655.73,2391141.32,0.17,1.1255,7.45
961450,5.03,4836093.5,2901656.1,775612.68,1747464.7,5443110.640000001,0.17,1.1255,7.45
697745,4.59,3202649.55,1921589.73,513640.93,1240254.94,3687655.67,0.18,1.1514,4.86
647375,6.02,3897197.5,2338318.5,625032.54,1408205.83,4386366.22,0.17,1.1255,7.45
695002,6.03,4190862.06,2514517.24,672130.46,1622949.16,4825522.140000001,0.18,1.1514,4.86
356945,5.77,2059572.65,1235743.59,330314.26,852292.35,2426176.58,0.19,1.178,2.2
935096,5.6,5236537.6,3141922.56,839835.9,2309548.73,6311206.029999999,0.2,1.2052,0.52
111607,4.69,523436.83,314062.1,83948.8,202705.64,602705.6000000001,0.18,1.1514,4.86
243954,4.81,1173418.74,704051.24,188192.9,424000.86,1320703.99,0.17,1.1255,7.45
160763,4.7,755586.1,453351.66,121180.9,292607.54,870011.3299999998,0.18,1.1514,4.86
193616,5.11,989377.76,593626.66,158676.41,436360.12,1192422.8299999998,0.2,1.2052,0.52
394796,4.52,1784477.92,1070686.75,286194.57,691055.18,2054717.52,0.18,1.1514,4.86
153177,5.29,810306.33,486183.8,129956.93,357381.55,976601.4400000001,0.2,1.2052,0.52
399739,5.6,2238538.4,1343123.04,359016.79,866894.2,2577540.4800000004,0.18,1.1514,4.86
761016,5.49,4177977.84,2506786.7,670064.09,1728930.79,4921657.9,0.19,1.178,2.2
708173,4.78,3385066.94,2031040.16,542897.04,1492966.85,4079767.3000000003,0.2,1.2052,0.52
494817,4.68,2315743.56,1389446.14,371398.95,958301.0,2727945.92,0.19,1.178,2.2
268031,5.1,1366958.1,820174.86,219232.74,602890.04,1647492.08,0.2,1.2052,0.52
635800,4.65,2956470.0,1773882.0,474158.66,1068285.17,3327560.42,0.17,1.1255,7.45
587318,5.61,3294853.98,1976912.39,528428.68,1363476.48,3881338.0,0.19,1.178,2.2
346039,5.19,1795942.41,1077565.45,288033.24,792091.42,2164514.69,0.2,1.2052,0.52
667975,4.57,3052645.75,1831587.45,489583.33,1263245.86,3596016.6899999995,0.19,1.178,2.2
684207,6.48,4433661.36,2660196.82,711070.61,1602050.65,4990165.99,0.17,1.1255,7.45
712114,5.43,3866779.02,2320067.41,620154.02,1397214.48,4352129.67,0.17,1.1255,7.45
256046,5.22,1336560.12,801936.07,214357.51,589483.16,1610855.67,0.2,1.2052,0.52
41283,5.21,215084.43,129050.66,34495.24,77718.19,242081.41,0.17,1.1255,7.45
960796,5.86,5630264.56,3378158.74,902981.83,2180370.76,6482906.34,0.18,1.1514,4.86
260646,4.56,1188545.76,713127.46,190618.97,460275.07,1368537.97,0.18,1.1514,4.86
697131,6.34,4419810.54,2651886.32,708849.21,1949335.34,5326866.15,0.2,1.2052,0.52
369335,6.1,2252943.5,1351766.1,361327.08,993649.47,2715303.8400000003,0.2,1.2052,0.52
584682,4.76,2783086.32,1669851.79,446351.38,1005635.05,3132413.9499999997,0.17,1.1255,7.45
977387,4.6,4495980.2,2697588.12,721065.3,1982929.58,5418667.72,0.2,1.2052,0.52
410865,4.62,1898196.3,1138917.78,304432.72,837189.99,2287753.64,0.2,1.2052,0.52
140839,4.8,676027.2,405616.32,108421.24,261797.63,778404.09,0.18,1.1514,4.86
727715,5.56,4046095.4,2427657.24,648912.78,1462008.31,4553953.49,0.17,1.1255,7.45
312361,5.72,1786704.92,1072022.95,286551.74,788017.27,2153381.44,0.2,1.2052,0.52
697314,5.99,4176910.86,2506146.52,669892.96,1842205.65,5034117.39,0.2,1.2052,0.52
933403,5.99,5591083.97,3354650.38,896698.05,2020271.5,6292866.05,0.17,1.1255,7.45
217369,5.75,1249871.75,749923.05,200454.43,484024.11,1439151.0999999999,0.18,1.1514,4.86
492729,5.36,2641027.44,1584616.46,423567.98,1164811.95,3183032.2899999996,0.2,1.2052,0.52
537817,6.45,3468919.65,2081351.79,556345.33,1343370.44,3994249.45,0.18,1.1514,4.86
159686,4.68,747330.48,448398.29,119856.86,329606.37,900701.38,0.2,1.2052,0.52
674900,6.38,4305862.0,2583517.2,690574.15,1781851.81,5072305.44,0.19,1.178,2.2
644309,4.64,2989593.76,1793756.26,479471.05,1237153.69,3521741.46,0.19,1.178,2.2
387480,6.45,2499246.0,1499547.6,400829.07,1102279.95,3012153.75,0.2,1.2052,0.52
46986,6.21,291783.06,175069.84,46796.17,112995.63,335970.42000000004,0.18,1.1514,4.86
817442,4.81,3931896.02,2359137.61,630597.48,1522662.21,4527338.5,0.18,1.1514,4.86
957256,6.17,5906269.52,3543761.71,947247.51,2134160.04,6647613.08,0.17,1.1255,7.45
858074,5.03,4316112.22,2589667.33,692218.08,1786093.56,5084380.200000001,0.19,1.178,2.2
539424,5.44,2934466.56,1760679.94,470629.75,1294231.8,3536692.4600000004,0.2,1.2052,0.52
254632,5.87,1494689.84,896813.9,239718.36,618532.55,1760744.6300000001,0.19,1.178,2.2
557595,6.04,3367873.8,2020724.28,540139.6,1485383.9,4059045.6999999997,0.2,1.2052,0.52
555783,6.38,3545895.54,2127537.32,568690.73,1563899.5,4273601.95,0.2,1.2052,0.52
237050,6.39,1514749.5,908849.7,242935.53,547336.67,1704877.95,0.17,1.1255,7.45
799948,5.48,4383715.04,2630229.02,703060.22,1814068.96,5164016.32,0.19,1.178,2.2
208120,6.35,1321562.0,792937.2,211952.11,477530.67,1487441.92,0.17,1.1255,7.45
652278,5.61,3659279.58,2195567.75,586875.26,1417089.04,4213437.31,0.18,1.1514,4.86
646090,5.21,3366128.9,2019677.34,539859.75,1484614.32,4056942.7,0.2,1.2052,0.52
505726,5.28,2670233.28,1602139.97,428252.01,1104995.94,3145534.81,0.19,1.178,2.2
883374,5.78,5105901.72,3063541.03,818884.52,2112924.25,6014752.2299999995,0.19,1.178,2.2
415290,5.46,2267483.4,1360490.04,363658.99,819328.08,2552093.55,0.17,1.1255,7.45
366133,5.73,2097942.09,1258765.25,336467.95,758066.35,2361271.73,0.17,1.1255,7.45
406930,6.15,2502619.5,1501571.7,401370.12,904291.71,2816743.48,0.17,1.1255,7.45
624226,4.7,2933862.2,1760317.32,470532.82,1060116.11,3302114.93,0.17,1.1255,7.45
213324,4.8,1023955.2,614373.12,164221.93,423733.14,1206219.22,0.19,1.178,2.2
871826,5.81,5065309.06,3039185.44,812374.27,2096126.2,5966934.08,0.19,1.178,2.2
581371,5.46,3174285.66,1904571.4,509091.94,1146990.26,3572715.8899999997,0.17,1.1255,7.45
104866,5.48,574665.68,344799.41,92164.88,207648.59,646796.61,0.17,1.1255,7.45
630050,4.97,3131348.5,1878809.1,502205.67,1212642.96,3605556.85,0.18,1.1514,4.86
889501,4.87,4331869.87,2599121.92,694745.29,1677555.7,4987884.0200000005,0.18,1.1514,4.86
981648,5.9,5791723.2,3475033.92,928876.57,2396730.9,6822649.94,0.19,1.178,2.2
360502,4.57,1647494.14,988496.48,264225.11,595302.36,1854284.4299999997,0.17,1.1255,7.45
597712,6.28,3753631.36,2252178.82,602007.4,1453627.62,4322077.64,0.18,1.1514,4.86
505533,5.38,2719767.54,1631860.52,436196.32,1053254.52,3131646.4800000004,0.18,1.1514,4.86
811424,5.58,4527745.92,2716647.55,726159.89,1636046.98,5096059.85,0.17,1.1255,7.45
421936,5.49,2316428.64,1389857.18,371508.83,897057.9,2667226.3400000003,0.18,1.1514,4.86
842643,6.17,5199107.31,3119464.39,833832.83,2293040.28,6266094.11,0.2,1.2052,0.52
807342,5.95,4803684.9,2882210.94,770414.98,1735754.24,5406634.16,0.17,1.1255,7.45
986812,5.93,5851795.16,3511077.1,938510.91,2580905.0,7052729.83,0.2,1.2052,0.52
418248,4.69,1961583.12,1176949.87,314598.7,708794.66,2207797.25,0.17,1.1255,7.45
824366,5.95,4904977.7,2942986.62,786660.32,1772355.19,5520641.05,0.17,1.1255,7.45
220696,4.95,1092445.2,655467.12,175206.36,452075.67,1286900.44,0.19,1.178,2.2
109744,6.23,683705.12,410223.07,109652.63,247048.69,769522.47,0.17,1.1255,7.45
133535,5.26,702394.1,421436.46,112649.97,253801.73,790557.26,0.17,1.1255,7.45
855502,4.64,3969529.28,2381717.57,636633.11,1642670.61,4676105.5,0.19,1.178,2.2
419846,6.33,2657625.18,1594575.11,426229.93,1172132.3,3203036.32,0.2,1.2052,0.52
758165,4.79,3631610.35,2178966.21,582437.67,1601703.59,4376907.59,0.2,1.2052,0.52
75061,4.89,367048.29,220228.97,58867.2,132628.52,413119.47,0.17,1.1255,7.45
317216,4.75,1506776.0,904065.6,241656.74,664556.02,1816004.1099999999,0.2,1.2052,0.52
801872,4.96,3977285.12,2386371.07,637876.99,1540239.55,4579601.289999999,0.18,1.1514,4.86
896298,5.55,4974453.9,2984672.34,797802.92,1926402.16,5727780.34,0.18,1.1514,4.86
63530,6.02,382450.6,229470.36,61337.43,138193.96,430455.06,0.17,1.1255,7.45
622558,6.34,3947017.72,2368210.63,633022.7,1426207.77,4442439.77,0.17,1.1255,7.45
402862,5.97,2405086.14,1443051.68,385727.72,869049.19,2706967.92,0.17,1.1255,7.45
289952,5.62,1629530.24,977718.14,261344.06,588811.31,1834065.72,0.17,1.1255,7.45
837581,5.68,4757460.08,2854476.05,763001.45,1968732.13,5604287.9799999995,0.19,1.178,2.2
309945,4.64,1438144.8,862886.88,230649.66,595133.08,1694134.57,0.19,1.178,2.2
643623,5.81,3739449.63,2243669.78,599732.93,1351205.52,4208818.140000001,0.17,1.1255,7.45
343348,5.68,1950216.64,1170129.98,312775.74,755238.99,2245555.53,0.18,1.1514,4.86
310720,5.3,1646816.0,988089.6,264116.35,595057.32,1853521.17,0.17,1.1255,7.45
261552,5.27,1378379.04,827027.42,221064.43,498060.82,1551390.5100000002,0.17,1.1255,7.45
823380,4.72,3886353.6,2331812.16,623293.39,1714056.82,4683930.51,0.2,1.2052,0.52
114666,5.92,678822.72,407293.63,108869.59,262880.23,781622.98,0.18,1.1514,4.86
73789,4.87,359352.43,215611.46,57632.94,129847.71,404457.65,0.17,1.1255,7.45
714986,5.34,3818025.24,2290815.14,612334.89,1683920.94,4601579.470000001,0.2,1.2052,0.52
832550,5.68,4728884.0,2837330.4,758418.42,1831303.01,5445021.59,0.18,1.1514,4.86
142714,5.92,844866.88,506920.13,135499.75,305282.57,950912.94,0.17,1.1255,7.45
236120,4.92,1161710.4,697026.24,186315.11,512366.56,1400122.41,0.2,1.2052,0.52
843068,6.24,5260744.32,3156446.59,843718.17,2037270.71,6057426.3,0.18,1.1514,4.86
74642,5.32,397095.44,238257.26,63686.17,153778.79,457231.18,0.18,1.1514,4.86
423584,4.9,2075561.6,1245336.96,332878.57,749979.43,2336082.09,0.17,1.1255,7.45
784202,5.43,4258216.86,2554930.12,682932.82,1538655.87,4792700.03,0.17,1.1255,7.45
707300,5.49,3883077.0,2329846.2,622767.89,1712611.7,4679981.48,0.2,1.2052,0.52
379585,5.46,2072534.1,1243520.46,332393.02,914080.8,2497869.91,0.2,1.2052,0.52
130534,5.29,690524.86,414314.92,110746.38,267411.98,795097.27,0.18,1.1514,4.86
691785,6.22,4302902.7,2581741.62,690099.54,1666337.9,4954530.090000001,0.18,1.1514,4.86
194417,5.03,977917.51,586750.51,156838.41,431305.63,1178610.6400000001,0.2,1.2052,0.52
729518,5.62,4099891.16,2459934.7,657540.55,1587719.85,4720774.6899999995,0.18,1.1514,4.86
934102,6.14,5735386.28,3441231.77,919841.25,2373417.55,6756285.039999999,0.19,1.178,2.2
605731,4.98,3016540.38,1809924.23,483792.75,1330430.05,3635609.8800000004,0.2,1.2052,0.52
820071,5.64,4625200.44,2775120.26,741789.65,1791150.61,5325636.279999999,0.18,1.1514,4.86
845296,5.43,4589957.28,2753974.37,736137.35,1777502.38,5285055.9399999995,0.18,1.1514,4.86
512966,4.94,2534052.04,1520431.22,406411.27,915649.48,2852121.3699999996,0.17,1.1255,7.45
380472,4.73,1799632.56,1079779.54,288625.07,696923.95,2072167.1600000001,0.18,1.1514,4.86
595727,5.86,3490960.22,2094576.13,559880.2,1444629.16,4112351.14,0.19,1.178,2.2
746779,5.98,4465738.42,2679443.05,716215.13,1613641.31,5026269.3,0.17,1.1255,7.45
866471,5.71,4947549.41,2968529.65,793487.98,1915983.16,5696801.48,0.18,1.1514,4.86
986250,4.53,4467712.5,2680627.5,716531.73,1848828.79,5262965.329999999,0.19,1.178,2.2
217550,6.12,1331406.0,798843.6,213530.89,550962.43,1568396.26,0.19,1.178,2.2
289415,6.17,1785690.55,1071414.33,286389.05,787569.89,2152158.89,0.2,1.2052,0.52
583930,6.19,3614526.7,2168716.02,579697.79,1399758.08,4161907.0900000003,0.18,1.1514,4.86
613920,6.28,3855417.6,2313250.56,618331.88,1493045.26,4439278.29,0.18,1.1514,4.86
307368,6.21,1908755.28,1145253.17,306126.17,789881.11,2248513.7199999997,0.19,1.178,2.2
843665,5.81,4901693.65,2941016.19,786133.63,2161867.48,5907643.74,0.2,1.2052,0.52
389335,5.42,2110195.7,1266117.42,338433.19,930691.26,2543260.6100000003,0.2,1.2052,0.52
616096,6.37,3924531.52,2354718.91,629416.36,1519810.25,4518858.739999999,0.18,1.1514,4.86
881012,4.96,4369819.52,2621891.71,700831.65,1692252.04,5031580.71,0.18,1.1514,4.86
904680,5.1,4613868.0,2768320.8,739972.15,1909310.86,5435136.51,0.19,1.178,2.2
929941,6.0,5579646.0,3347787.6,894863.62,2016138.53,6279992.4,0.17,1.1255,7.45
139481,5.39,751802.59,451081.55,120574.1,271654.9,846167.4,0.17,1.1255,7.45
472327,5.63,2659201.01,1595520.61,426482.66,960870.57,2992978.8,0.17,1.1255,7.45
269444,5.97,1608580.68,965148.41,257984.17,581241.44,1810486.6300000001,0.17,1.1255,7.45
78925,5.9,465657.5,279394.5,74682.15,168259.78,524105.93000000005,0.17,1.1255,7.45
408511,5.43,2218214.73,1330928.84,355757.28,978332.52,2673447.8600000003,0.2,1.2052,0.52
412810,5.41,2233302.1,1339981.26,358176.99,806977.08,2513621.88,0.17,1.1255,7.45
710515,5.36,3808360.4,2285016.24,610784.84,1474821.93,4385094.779999999,0.18,1.1514,4.86
143653,5.58,801583.74,480950.24,128558.0,289642.72,902196.98,0.17,1.1255,7.45
268857,5.39,1449139.23,869483.54,232412.95,561192.25,1668595.47,0.18,1.1514,4.86
401263,5.29,2122681.27,1273608.76,340435.62,767005.56,2389116.13,0.17,1.1255,7.45
510457,5.88,3001487.16,1800892.3,481378.51,1323790.91,3617467.3699999996,0.2,1.2052,0.52
330636,6.07,2006960.52,1204176.31,321876.33,885159.9,2418838.99,0.2,1.2052,0.52
274343,4.86,1333306.98,799984.19,213835.77,481774.57,1500661.1,0.17,1.1255,7.45
432426,6.1,2637798.6,1582679.16,423050.14,1163387.88,3179140.8099999996,0.2,1.2052,0.52
539172,5.33,2873786.76,1724272.06,460897.92,1189230.44,3385320.81,0.19,1.178,2.2
754063,6.23,4697812.49,2818687.49,753435.17,1819270.28,5409244.630000001,0.18,1.1514,4.86
196943,5.33,1049706.19,629823.71,168351.88,406508.19,1208672.66,0.18,1.1514,4.86
941356,5.9,5554000.4,3332400.24,890750.58,2006871.8,6251127.82,0.17,1.1255,7.45
249833,6.41,1601429.53,960857.72,256837.27,620168.04,1843948.46,0.18,1.1514,4.86
785145,6.05,4750127.25,2850076.35,761825.41,2095019.87,5724972.110000001,0.2,1.2052,0.52
439531,5.78,2540489.18,1524293.51,407443.66,1120470.05,3061861.0799999996,0.2,1.2052,0.52
883029,5.88,5192210.52,3115326.31,832726.72,2010730.38,5978513.8100000005,0.18,1.1514,4.86
521680,5.33,2780554.4,1668332.64,445945.32,1150649.02,3275493.09,0.19,1.178,2.2
213503,4.58,977843.74,586706.24,156826.58,431273.09,1178521.72,0.2,1.2052,0.52
749450,6.06,4541667.0,2725000.2,728392.55,1879432.64,5350083.72,0.19,1.178,2.2
327319,4.68,1531852.92,919111.75,245678.57,675616.07,1846227.4300000002,0.2,1.2052,0.52
197742,6.26,1237864.92,742718.95,198528.78,479374.36,1425325.9799999997,0.18,1.1514,4.86
842771,4.71,3969451.41,2381670.85,636620.62,1750706.7,4784082.09,0.2,1.2052,0.52
439428,5.8,2548682.4,1529209.44,408757.68,1124083.63,3071735.74,0.2,1.2052,0.52
396495,4.55,1804052.25,1082431.35,289333.9,795668.23,2174288.88,0.2,1.2052,0.52
508869,4.8,2442571.2,1465542.72,391739.57,945907.74,2812471.8000000003,0.18,1.1514,4.86
256879,5.15,1322926.85,793756.11,212171.01,547453.59,1558407.83,0.19,1.178,2.2
775796,5.14,3987591.44,2392554.86,639529.92,1440868.6,4488106.2299999995,0.17,1.1255,7.45
397709,6.22,2473749.98,1484249.99,396740.02,1023687.22,2914077.48,0.19,1.178,2.2
782790,5.16,4039196.4,2423517.84,647806.32,1564215.26,4650888.37,0.18,1.1514,4.86
631651,6.15,3884653.65,2330792.19,623020.75,1403673.26,4372247.88,0.17,1.1255,7.45
67651,5.54,374786.54,224871.92,60108.26,145139.47,431543.84,0.18,1.1514,4.86
539152,5.29,2852114.08,1711268.45,457422.06,1030577.4,3210105.9399999995,0.17,1.1255,7.45
581552,5.95,3460234.4,2076140.64,554952.39,1526119.08,4170361.0,0.2,1.2052,0.52
493783,5.89,2908381.87,1745029.12,466446.28,1050909.1,3273436.3500000006,0.17,1.1255,7.45
138900,5.78,802842.0,481705.2,128759.8,290097.38,903613.18,0.17,1.1255,7.45
578977,4.63,2680663.51,1608398.11,429924.81,968625.78,3017135.22,0.17,1.1255,7.45
710044,5.15,3656726.6,2194035.96,586465.81,1416100.37,4210497.7,0.18,1.1514,4.86
39907,6.4,255404.8,153242.88,40961.82,98907.81,294083.05,0.18,1.1514,4.86
366319,4.85,1776647.15,1065988.29,284938.67,688022.64,2045700.86,0.18,1.1514,4.86
869545,5.33,4634674.85,2780804.91,743309.15,2044100.17,5585825.99,0.2,1.2052,0.52
366286,6.48,2373533.28,1424119.97,380667.27,919172.18,2732978.85,0.18,1.1514,4.86
663821,4.77,3166426.17,1899855.7,507831.43,1310330.48,3730050.03,0.19,1.178,2.2
400612,6.21,2487800.52,1492680.31,398993.45,1029501.61,2930629.0100000002,0.19,1.178,2.2
748927,4.91,3677231.57,2206338.94,589754.4,1424041.11,4234107.930000001,0.18,1.1514,4.86
663928,5.0,3319640.0,1991784.0,532403.86,1199512.32,3736314.8099999996,0.17,1.1255,7.45
779629,4.86,3788996.94,2273398.16,607679.33,1467323.26,4362798.94,0.18,1.1514,4.86
982909,6.46,6349592.14,3809755.28,1018347.59,2458936.86,7311168.180000001,0.18,1.1514,4.86
114142,6.23,711104.66,426662.8,114046.97,256949.19,800361.1599999999,0.17,1.1255,7.45
725040,4.69,3400437.6,2040262.56,545362.18,1228707.57,3827253.9700000007,0.17,1.1255,7.45
971188,5.93,5759144.84,3455486.9,923651.65,2080998.29,6482021.59,0.17,1.1255,7.45
137135,4.58,628078.3,376846.98,100731.2,277010.79,756975.6699999999,0.2,1.2052,0.52
979880,5.96,5840084.8,3504050.88,936632.8,2575740.2,7038616.2,0.2,1.2052,0.52
395698,6.07,2401886.86,1441132.12,385214.61,930152.36,2765626.26,0.18,1.1514,4.86
29235,4.88,142666.8,85600.08,22880.9,55249.0,164272.11000000002,0.18,1.1514,4.86
851264,5.27,4486161.28,2691696.77,719490.55,1621020.87,5049255.600000001,0.17,1.1255,7.45
161393,4.5,726268.5,435761.1,116478.94,320317.09,875316.9500000001,0.2,1.2052,0.52
889181,4.88,4339203.28,2603521.97,695921.42,1567919.35,4883851.71,0.17,1.1255,7.45
167942,5.0,839710.0,503826.0,134672.69,370349.9,1012039.49,0.2,1.2052,0.52
592277,5.53,3275291.81,1965175.09,525291.3,1268386.31,3771298.81,0.18,1.1514,4.86
341428,5.09,1737868.52,1042721.11,278719.35,673005.27,2001049.63,0.18,1.1514,4.86
719108,5.96,4285883.68,2571530.21,687370.03,1659747.13,4934933.73,0.18,1.1514,4.86
544915,6.47,3525600.05,2115360.03,565435.74,1554948.28,4249141.33,0.2,1.2052,0.52
181396,6.09,1104701.64,662820.98,177172.05,399170.76,1243361.6600000001,0.17,1.1255,7.45
332844,5.3,1764073.2,1058443.92,282922.06,683153.27,2031222.73,0.18,1.1514,4.86
962141,5.4,5195561.4,3117336.84,833264.14,2012028.04,5982372.149999999,0.18,1.1514,4.86
744599,5.97,4445256.03,2667153.62,712930.16,1839535.85,5236511.600000001,0.19,1.178,2.2
930939,6.23,5799749.97,3479849.98,930163.9,2400052.53,6832105.46,0.19,1.178,2.2
797842,5.0,3989210.0,2393526.0,639789.5,1650814.88,4699289.38,0.19,1.178,2.2
39542,6.09,240810.78,144486.47,38621.23,87014.1,271036.88000000006,0.17,1.1255,7.45
106944,5.65,604233.6,362540.16,96906.99,233994.92,695738.1599999999,0.18,1.1514,4.86
211934,6.16,1305513.44,783308.06,209378.24,505571.86,1503219.11,0.18,1.1514,4.86
235526,5.92,1394313.92,836588.35,223620.07,614955.18,1680461.99,0.2,1.2052,0.52
501700,5.7,2859690.0,1715814.0,458637.08,1033314.87,3218632.77,0.17,1.1255,7.45
517749,5.54,2868329.46,1720997.68,460022.68,1036436.64,3228356.65,0.17,1.1255,7.45
873838,5.34,4666294.92,2799776.95,748380.38,1686110.01,5251999.26,0.17,1.1255,7.45
372808,5.46,2035531.68,1221319.01,326458.57,897761.07,2453273.67,0.2,1.2052,0.52
141885,5.39,764760.15,458856.09,122652.23,316473.04,900887.4500000001,0.19,1.178,2.2
285561,5.75,1641975.75,985185.45,263340.07,593308.35,1848073.3800000001,0.17,1.1255,7.45
888542,5.87,5215741.54,3129444.92,836500.63,2158378.16,6144143.53,0.19,1.178,2.2
403448,6.26,2525584.48,1515350.69,405053.24,912589.83,2842590.98,0.17,1.1255,7.45
